MUNICIPALIDAD_RAW,CATEGORIA,MUNICIPALIDAD_LIMPIA
M. D. DE CHETO,F,CHETO
M. D. DE LEVANTO,F,LEVANTO
M. D. DE CHISQUILLA,F,CHISQUILLA
M. D. DE SHIPASBAMBA,F,SHIPASBAMBA
M. D. DE LONYA CHICO,F,LONYA CHICO
M. D. DE MARIA,F,MARIA
M. D. DE AQUIA,F,AQUIA
M. D. DE YANAC,F,YANAC
M. D. DE ACAS,F,ACAS
M. D. DE LACABAMBA,F,LACABAMBA
M. D. DE PALLASCA,F,PALLASCA
M. D. DE TAUCA,F,TAUCA
M. D. DE PAMPAS CHICO,F,PAMPAS CHICO
M. D. DE ACOBAMBA,F,ACOBAMBA
M. D. DE ALFONSO UGARTE,F,ALFONSO UGARTE
M. D. DE CHINGALPO,F,CHINGALPO
M. D. DE CAPAYA,F,CAPAYA
M. D. DE SAÑAYCA,F,SANAYCA
M. D. DE CHOCO,F,CHOCO
M. D. DE MACHAGUAY,F,MACHAGUAY
M. D. DE UÑON,F,UNON
M. D. DE HUAMBO,F,HUAMBO
M. D. DE TORO,F,TORO
M. D. DE SAISA,F,SAISA
M. D. DE PUYUSCA,F,PUYUSCA
M. D. DE COLTA,F,COLTA
M. D. DE CARHUANCA,F,CARHUANCA
M. D. DE JORGE CHAVEZ,F,JORGE CHAVEZ
M. D. DE PION,F,PION
M. D. DE SEXI,F,SEXI
M. D. DE IZCUCHACA,F,IZCUCHACA
M. D. DE PILCHACA,F,PILCHACA
M. D. DE HUANCA HUANCA,F,HUANCA HUANCA
M. D. DE JULCAMARCA,F,JULCAMARCA
M. D. DE AURAHUA,F,AURAHUA
M. D. DE HUAMATAMBO,F,HUAMATAMBO
M. D. DE TANTARA,F,TANTARA
M. D. DE LA MERCED,F,LA MERCED
M. D. SAN MIGUEL DE MAYOCC,F,SAN MIGUEL DE MAYOCC
M. D. STGO. DE QUIRAHUARA,F,STGO DE QUIRAHUARA
M. D. DE BAÑOS,F,BANOS
M. D. DE SAN FRANCISCO DE ASIS,F,SAN FRANCISCO DE ASIS
M. D. DE TIBILLO,F,TIBILLO
M. D. DE CHACAPAMPA,F,CHACAPAMPA
M. D. DE CULLHUAS,F,CULLHUAS
M. D. DE QUICHUAY,F,QUICHUAY
M. D. DE MASMA,F,MASMA
M. D. DE PACA,F,PACA
M. D. DE PANCAN,F,PANCAN
M. D. DE ONDORES,F,ONDORES
M. D. DE PALCAMAYO,F,PALCAMAYO
M. D. DE UCHUMARCA,F,UCHUMARCA
M. D. DE PACARAN,F,PACARAN
M. D. DE SUMBILCA,F,SUMBILCA
M. D. DE LAHUAYTAMBO,F,LAHUAYTAMBO
M. D. SAN ANDRES DE TUPICOCHA,F,SAN ANDRES DE TUPICOCHA
M. D. DE CHECRAS,F,CHECRAS
M. D. DE SANTA LEONOR,F,SANTA LEONOR
M. D. DE AYAUCA,F,AYAUCA
M. D. DE HUANGASCAR,F,HUANGASCAR
M. D. DE QUINCHES,F,QUINCHES
M. D. DE TUPE,F,TUPE
M. D. DE VIÑAC,F,VINAC
M. D. DE INAHUAYA,F,INAHUAYA
M. D. DE ROSA PANDURO,F,ROSA PANDURO
M. D. DE PALCA,F,PALCA
M. D. DE PARATIA,F,PARATIA
M. D. DE TINICACHI,F,TINICACHI
M. D. DE UNICACHI,F,UNICACHI
M. D. DE AGUA BLANCA,F,AGUA BLANCA
M. D. DE SACANCHE,F,SACANCHE
M. D. DE PAPAPLAYA,F,PAPAPLAYA
M. D. HEROES ALBARRACIN,F,HEROES ALBARRACIN
M. D. DE HUANCAS,E,HUANCAS
M. D. DE MAGDALENA,E,MAGDALENA
M. D. MARISCAL CASTILLA,E,MARISCAL CASTILLA
M. D. DE MONTEVIDEO,E,MONTEVIDEO
M. D. DE SAN FRANCISCO,E,SAN FRANCISCO
M. D. DE LUYA VIEJO,E,LUYA VIEJO
M. D. DE COCHAMAL,E,COCHAMAL
M. D. DE ABELARDO PARDO,E,ABELARDO PARDO
M. D. DE CANIS,E,CANIS
M. D. DE MANGAS,E,MANGAS
M. D. DE PACLLON,E,PACLLON
M. D. DE YUPAN,E,YUPAN
M. D. DE CAJAMARQUILLA,E,CAJAMARQUILLA
M. D. DE LLIPA,E,LLIPA
M. D. SAN CRISTOBAL DE RAJAN,E,SAN CRISTOBAL DE RAJAN
M. D. DE SANTIAGO DE CHILCAS,E,SANTIAGO DE CHILCAS
M. D. DE POMACOCHA,E,POMACOCHA
M. D. SAN JUAN DE CHACÑA,E,SAN JUAN DE CHACNA
M. D. DE VIRUNDO,E,VIRUNDO
M. D. DE AYO,E,AYO
M. D. DE MACA,E,MACA
M. D. DE CABANA,E,CABANA
M. D. DE MARCABAMBA,E,MARCABAMBA
M. D. DE BELEN,E,BELEN
M. D. DE SANTIAGO DE PAUCARAY,E,SANTIAGO DE PAUCARAY
M. D. DE APONGO,E,APONGO
M. D. DE SARHUA,E,SARHUA
M. D. DE CONAYCA,E,CONAYCA
M. D. DE HUAYLLAHUARA,E,HUAYLLAHUARA
M. D. MARISCAL CÁCERES,E,MARISCAL C CERES
M. D. DE QUEROPALCA,E,QUEROPALCA
M. D. DE CARHUACALLANGA,E,CARHUACALLANGA
M. D. DE ACO,E,ACO
M. D. DE CANCHAYLLO,E,CANCHAYLLO
M. D. DE HUARIPAMPA,E,HUARIPAMPA
M. D. DE MARCO,E,MARCO
M. D. DE MUQUI,E,MUQUI
M. D. DE MUQUIYAUYO,E,MUQUIYAUYO
M. D. DE UCUNCHA,E,UCUNCHA
M. D. DE HUAROS,E,HUAROS
M. D. DE LACHAQUI,E,LACHAQUI
M. D. DE LAMPIAN,E,LAMPIAN
M. D. DE SAN MIGUEL DE ACOS,E,SAN MIGUEL DE ACOS
M. D. DE 27 NOVIEMBRE,E,27 NOVIEMBRE
M. D. DE CALLAHUANCA,E,CALLAHUANCA
M. D. DE HUACHUPAMPA,E,HUACHUPAMPA
M. D. DE HUANZA,E,HUANZA
M. D. DE SAN PEDRO DE LARAOS,E,SAN PEDRO DE LARAOS
M. D. DE SAN DAMIAN,E,SAN DAMIAN
M. D. SAN JUAN DE TANTARANCHE,E,SAN JUAN DE TANTARANCHE
M. D. DE SAN PEDRO DE CASTA,E,SAN PEDRO DE CASTA
M. D. SAN PEDRO DE HUANCAYRE,E,SAN PEDRO DE HUANCAYRE
M. D. SANTIAGO DE ANCHUCAYA,E,SANTIAGO DE ANCHUCAYA
M. D. SANTIAGO DE TUNA,E,SANTIAGO DE TUNA
M. D. DE PACHANGARA,E,PACHANGARA
M. D. DE HONGOS,E,HONGOS
M. D. DE HUAMPARA,E,HUAMPARA
M. D. DE HUANCAYA,E,HUANCAYA
M. D. DE HUAÑEC,E,HUANEC
M. D. DE QUINOCAY,E,QUINOCAY
M. D. DE SAN PEDRO DE PILAS,E,SAN PEDRO DE PILAS
M. D. DE VITIS,E,VITIS
M. D. DE CHACAYAN,E,CHACAYAN
M. D. DE TAPUC,E,TAPUC
M. D. DE HABANA,E,HABANA
M. D. DE TINGO DE SAPOSOA,E,TINGO DE SAPOSOA
M. D. DE POSIC,E,POSIC
M. D. DE CHIPURANA,E,CHIPURANA
M. D. DE SHAPAJA,E,SHAPAJA
M. D. DE CAIRANI,E,CAIRANI
M. D. DE ESTIQUE,E,ESTIQUE
M. D. DE SUSAPAYA,E,SUSAPAYA
M. D. DE TICACO,E,TICACO
M. D. DE BALSAS,G,BALSAS
M. D. DE CHILIQUIN,G,CHILIQUIN
M. D. DE CHUQUIBAMBA,G,CHUQUIBAMBA
M. D. DE SOLOCO,G,SOLOCO
M. D. DE SANTA CATALINA,G,SANTA CATALINA
M. D. DE LIMABAMBA,G,LIMABAMBA
M. D. DE SANTA ROSA,G,SANTA ROSA
M. D. DE HUANCHAY,G,HUANCHAY
M. D. DE PAMPAS GRANDE,G,PAMPAS GRANDE
M. D. DE CHACCHO,G,CHACCHO
M. D. DE ATAQUERO,G,ATAQUERO
M. D. DE HUAYLAS,G,HUAYLAS
M. D. SAN PEDRO DE CACHORA,G,SAN PEDRO DE CACHORA
M. D. DE HUAYLLO,G,HUAYLLO
M. D. DE TINTAY,G,TINTAY
M. D. DE LOS CHANKAS,G,LOS CHANKAS
M. D. DE AHUAYRO,G,AHUAYRO
M. D. DE TIPAN,G,TIPAN
M. D. DE MARIA PARADO,G,MARIA PARADO
M. D. DE PUTIS,G,PUTIS
M. D. DE LUIS CARRANZA,G,LUIS CARRANZA
M. D. DE CHUMUCH,G,CHUMUCH
M. D. DE CHIMBAN,G,CHIMBAN
M. D. DE TOCMOCHE,G,TOCMOCHE
M. D. DE SAN JUAN DE CUTERVO,G,SAN JUAN DE CUTERVO
M. D. DE NANCHOC,G,NANCHOC
M. D. DE SAN GREGORIO,G,SAN GREGORIO
M. D. DE SAN LUIS,G,SAN LUIS
M. D. DE ANDABAMBA,G,ANDABAMBA
M. D. DE LA ESPERANZA,G,LA ESPERANZA
M. D. DE CUENCA,G,CUENCA
M. D. DE CHUPAMARCA,G,CHUPAMARCA
M. D. DE COCAS,G,COCAS
M. D. DE SANTA ANA,G,SANTA ANA
M. D. STO. DOMINGO DE CAPILLAS,G,STO DOMINGO DE CAPILLAS
M. D. DE SHUNQUI,G,SHUNQUI
M. D. DE CANCHABAMBA,G,CANCHABAMBA
M. D. DE COCHABAMBA,G,COCHABAMBA
M. D. DE ARANCAY,G,ARANCAY
M. D. DE JIRCAN,G,JIRCAN
M. D. DE STO. DOMINGO DE ANDA,G,STO DOMINGO DE ANDA
M. D. DE CHACABAMBA,G,CHACABAMBA
M. D. DE PAMPAMARCA,G,PAMPAMARCA
M. D. DE COCHAS,G,COCHAS
M. D. DE HEROINAS TOLEDO,G,HEROINAS TOLEDO
M. D. DE JANJAILLO,G,JANJAILLO
M. D. DE PACCHA,G,PACCHA
M. D. DE YANACANCHA,G,YANACANCHA
M. D. DE LA CUESTA,G,LA CUESTA
M. D. DE PARANDAY,G,PARANDAY
M. D. DE CHOCHOPE,G,CHOCHOPE
M. D. DE COCHAMARCA,G,COCHAMARCA
M. D. DE NAVAN,G,NAVAN
M. D. DE AZANGARO,G,AZANGARO
M. D. DE LINCHA,G,LINCHA
M. D. DE SAN JUAN DE SALINAS,G,SAN JUAN DE SALINAS
M. D. DE INCHUPALLA,G,INCHUPALLA
M. D. DE CALAPUJA,G,CALAPUJA
M. D. DE NICASIO,G,NICASIO
M. D. DE OCUVIRI,G,OCUVIRI
M. D. DE TILALI,G,TILALI
M. D. DE PEDRO VILCA APAZA,G,PEDRO VILCA APAZA
M. D. DE SINA,G,SINA
M. D. DE SANTA MARIA DEL MAR,C,SANTA MARIA DEL MAR
M. D. SAN MIGUEL DE ACO,G,SAN MIGUEL DE ACO
M. D. DE ETEN PUERTO,E,ETEN PUERTO
M. D. DE HUANUARA,E,HUANUARA
M. D. DE OCAÑA,F,OCANA
M. D. DE LUCANAS,F,LUCANAS
M. D. SAN JOSE DE TICLLAS,G,SAN JOSE DE TICLLAS
M. D. DE TINTAY PUNCU,G,TINTAY PUNCU
M. D. DE ORONCCOY,G,ORONCCOY
M. D. STGO. DE CHOCORVOS,G,STGO DE CHOCORVOS
M. D. DE COAYLLO,F,COAYLLO
M. D. DE QUINISTAQUILLAS,F,QUINISTAQUILLAS
M. D. DE COPORAQUE,F,COPORAQUE
M. D. DE TOMEPAMPA,F,TOMEPAMPA
M. D. SAN JAVIER DE ALPABAMBA,G,SAN JAVIER DE ALPABAMBA
M. D. DE CUPI,G,CUPI
M. D. DE ACZO,F,ACZO
M. D. DE HUERTAS,E,HUERTAS
M. D. DE HUACRAPUQUIO,E,HUACRAPUQUIO
M. D. DE CORDOVA,G,CORDOVA
M. D. DE PALLANCHACRA,F,PALLANCHACRA
M. D. DE ARMA,G,ARMA
M. D. DE CORCULLA,F,CORCULLA
M. D. DE HUARICOLCA,F,HUARICOLCA
M. D. DE MANZANARES,E,MANZANARES
M. D. DE JULCAN,E,JULCAN
M. D. DE LLALLI,F,LLALLI
M. D. DE GORGOR,G,GORGOR
M. D. DE SAN JUAN,E,SAN JUAN
M. D. DE HUAYLILLAS,F,HUAYLILLAS
M. D. DE LONGUITA,G,LONGUITA
M. D. DE LAMBRAS,G,LAMBRAS
M. D. SAN FRANCISCO RIVACAYCO,F,SAN FRANCISCO RIVACAYCO
M. D. DE LLAUTA,F,LLAUTA
M. D. DE YUNGA,F,YUNGA
M. D. DE LARIA,F,LARIA
M. D. DE MATALAQUE,F,MATALAQUE
M. D. DE TIQUILLACA,G,TIQUILLACA
M. D. DE QUISHUAR,E,QUISHUAR
M. D. DE TORAYA,G,TORAYA
M. D. DE MAMARA,F,MAMARA
M. D. DE CHINCHO,G,CHINCHO
M. D. DE MASMA CHICCHE,G,MASMA CHICCHE
M. D. DE SANTA LUCIA,E,SANTA LUCIA
M. D. DE NINABAMBA,G,NINABAMBA
M. D. DE SIBAYO,E,SIBAYO
M. D. DE INGENIO,E,INGENIO
M. D. DE CHIPAO,F,CHIPAO
M. D. DE ACCOMARCA,E,ACCOMARCA
M. D. DE FIDEL OLIVAS,G,FIDEL OLIVAS
M. D. DE CARAPO,E,CARAPO
M. D. DE SAN ANTONIO,E,SAN ANTONIO
M. D. DE ATAVILLOS ALTO,E,ATAVILLOS ALTO
M. D. DE YAULI,E,YAULI
M. D. DE SAN JERONIMO,G,SAN JERONIMO
M. D. DE MOLINOS,E,MOLINOS
M. D. DE PACHACONAS,E,PACHACONAS
M. D. DE SAN MIGUEL CORPANQUI,E,SAN MIGUEL CORPANQUI
M. D. DE MOLLEPAMPA,G,MOLLEPAMPA
M. D. DE SANTA CRUZ,G,SANTA CRUZ
M. D. DE SARA SARA,E,SARA SARA
M. D. DE PACARAOS,E,PACARAOS
M. D. DE LA PAMPA,E,LA PAMPA
M. D. DE CHUPURO,F,CHUPURO
M. D. DE LLOCLLAPAMPA,E,LLOCLLAPAMPA
M. D. DE RIO MAGDALENA,G,RIO MAGDALENA
M. D. DE CASCAPARA,G,CASCAPARA
M. D. DE CARMEN SALCEDO,E,CARMEN SALCEDO
M. D. DE CAHUAC,F,CAHUAC
M. D. DE ANAPIA,E,ANAPIA
M. D. DE ATIQUIPA,G,ATIQUIPA
M. D. DE CHURUJA,E,CHURUJA
M. D. DE SICSIBAMBA,F,SICSIBAMBA
M. D. GOYLLARISQUIZGA,E,GOYLLARISQUIZGA
M. D. DE COTAPARACO,E,COTAPARACO
M. D. DE ANTIOQUIA,G,ANTIOQUIA
M. D. DE SANTIAGO DE CHALLAS,F,SANTIAGO DE CHALLAS
M. D. DE ANDAGUA,E,ANDAGUA
M. D. SAN PEDRO DE PILLAO,E,SAN PEDRO DE PILLAO
M. D. DE CAHUACHO,G,CAHUACHO
M. D. DE MATO,F,MATO
M. D. DE NUEVO OCCORO,G,NUEVO OCCORO
M. D. DE SAN PEDRO,F,SAN PEDRO
M. D. DE HUAYLLATI,G,HUAYLLATI
M. D. DE CARAYBAMBA,E,CARAYBAMBA
M. D. DE OCOYO,G,OCOYO
M. D. SAN PEDRO DE CHAULAN,G,SAN PEDRO DE CHAULAN
M. D. DE TURPAY,E,TURPAY
M. D. HUAYACUNDO ARMA,F,HUAYACUNDO ARMA
M. D. DE YAUCA,E,YAUCA
M. D. DE TANTA,E,TANTA
M. D. DE TONGOD,G,TONGOD
M. D. DE SAN PEDRO CHUNAN,E,SAN PEDRO CHUNAN
M. D. DE APU SAHUARAURA,G,APU SAHUARAURA
M. D. DE POCSI,F,POCSI
M. D. DE UBINAS,F,UBINAS
M. D. DE SAN ANTONIO ANTAPARCO,G,SAN ANTONIO ANTAPARCO
M. D. DE CUJILLO,G,CUJILLO
M. D. DE CHOJATA,F,CHOJATA
M. D. DE MICAELA BASTIDAS,F,MICAELA BASTIDAS
M. D. DE CALANGO,F,CALANGO
M. D. DE OTOCA,G,OTOCA
M. D. DE TICLLOS,E,TICLLOS
M. D. DE HUANCAPON,F,HUANCAPON
M. D. DE FITZCARRALD,G,FITZCARRALD
M. D. ANTONIO RAYMONDI,G,ANTONIO RAYMONDI
M. D. DE VITOC,G,VITOC
M. D. DE EL PRADO,G,EL PRADO
M. D. DE RICRAN,F,RICRAN
M. D. DE SANGALLAYA,G,SANGALLAYA
M. D. DE ATAVILLOS BAJO,E,ATAVILLOS BAJO
M. D. DE COLPAS,G,COLPAS
M. D. DE COPA,E,COPA
M. D. DE MIRAFLORES,E,MIRAFLORES
M. D. SAN ISIDRO HUIRPACANCHA,G,SAN ISIDRO HUIRPACANCHA
M. D. SAN JUAN DE RONTOY,G,SAN JUAN DE RONTOY
M. D. DE HUAYAN,F,HUAYAN
M. D. DE MALVAS,F,MALVAS
M. D. SAN JUAN DE LICUPIS,G,SAN JUAN DE LICUPIS
M. D. DE UTCO,G,UTCO
M. D. DE HUAMANTANGA,E,HUAMANTANGA
M. D. DE LARAMARCA,E,LARAMARCA
M. D. DE ICHOCAN,G,ICHOCAN
M. D. DE TICRAPO,F,TICRAPO
M. D. DE JIVIA,G,JIVIA
M. D. DE QUECHUALLA,G,QUECHUALLA
M. D. DE HUASTA,E,HUASTA
M. D. DE CALLANMARCA,E,CALLANMARCA
M. D. DE TOMAS,F,TOMAS
M. D. DE QUITO ARMA,G,QUITO ARMA
M. D. DE SAN BUENAVENTURA,E,SAN BUENAVENTURA
M. D. DE MITO,F,MITO
M. D. DE PILLUANA,E,PILLUANA
M. D. DE YAQUERANA,F,YAQUERANA
M. D. DE SAN JUAN DE ISCOS,F,SAN JUAN DE ISCOS
M. D. DE SAURAMA,G,SAURAMA
M. D. DE TUNAN MARCA,E,TUNAN MARCA
M. D. DE SAN JUAN DE JARPA,F,SAN JUAN DE JARPA
M. D. DE LA FLORIDA,G,LA FLORIDA
M. D. DE CAUJUL,F,CAUJUL
M. D. DE SAN BARTOLOME,F,SAN BARTOLOME
M. D. DE COLCABAMBA,F,COLCABAMBA
M. D. DE TAPACOCHA,F,TAPACOCHA
M. D. DE CASPISAPA,E,CASPISAPA
M. D. SAN FRANCISCO DEL YESO,F,SAN FRANCISCO DEL YESO
M. D. SAN ANTONIO CUSICANCHA,G,SAN ANTONIO CUSICANCHA
M. D. DE MANAS,F,MANAS
M. D. DE SAN JOAQUIN,E,SAN JOAQUIN
M. D. DE HUAYANA,F,HUAYANA
M. D. DE CARAMPOMA,E,CARAMPOMA
M. D. DE CONCEPCION,G,CONCEPCION
M. D. DE PARIAHUANCA,F,PARIAHUANCA
M. D. DE RECTA,G,RECTA
M. D. DE SAN CRISTOBAL,E,SAN CRISTOBAL
M. D. DE LAJAS,G,LAJAS
M. D. DE SINGA,G,SINGA
M. D. DE SINSICAP,G,SINSICAP
M. D. DE CHAVIN DE PARIARCA,F,CHAVIN DE PARIARCA
M. D. DE HUASO,G,HUASO
M. D. DE PACORA,F,PACORA
M. D. DE PAMPA HERMOSA,G,PAMPA HERMOSA
M. D. DE TINCO,F,TINCO
M. D. DE SECCLLA,G,SECCLLA
M. D. SANTO DOMINGO ACOBAMBA,G,SANTO DOMINGO ACOBAMBA
M. D. DE COVIRIALI,G,COVIRIALI
M. D. DE SANTO TOMAS,G,SANTO TOMAS
M. D. DE BARRANQUITA,F,BARRANQUITA
M. D. DE VILQUE,G,VILQUE
M. D. DE SINCOS,F,SINCOS
M. D. DE JACAS GRANDE,G,JACAS GRANDE
M. D. DE LA PUNTA,D,LA PUNTA
M. D. DE CHONTABAMBA,F,CHONTABAMBA
M. D. DE PAMPAS,F,PAMPAS
M. D. DE COPANI,G,COPANI
M. D. DE PAUCARBAMBA,G,PAUCARBAMBA
M. D. DE MONZON,F,MONZON
M. D. DE SANTA CRUZ CHUCA,G,SANTA CRUZ CHUCA
M. D. DE HUASAHUASI,F,HUASAHUASI
M. D. DE YUNGAR,G,YUNGAR
M. D. DE HUACHAC,F,HUACHAC
M. D. DE MONTERO,G,MONTERO
M. D. DE PAUCARCOLLA,G,PAUCARCOLLA
M. D. DE ACOLLA,E,ACOLLA
M. D. DE SAN BENITO,G,SAN BENITO
M. D. DE LUCMA,G,LUCMA
M. D. DE YONAN,F,YONAN
M. D. DE PISCOYACU,F,PISCOYACU
M. D. DE MOLLEPATA,F,MOLLEPATA
M. D. DE RICARDO PALMA,E,RICARDO PALMA
M. D. DE HUAYLLAN,G,HUAYLLAN
M. D. DE SALLIQUE,G,SALLIQUE
M. D. DE SHAMBOYACU,G,SHAMBOYACU
M. D. DE COPALLIN,F,COPALLIN
M. D. DE EL CENEPA,G,EL CENEPA
M. D. DE ACOCHACA,G,ACOCHACA
M. D. DE TICAPAMPA,F,TICAPAMPA
M. D. DE JOSE MARIA ARGUEDAS,E,JOSE MARIA ARGUEDAS
M. D. DE ACOS VINCHOS,G,ACOS VINCHOS
M. D. DE CANARIA,E,CANARIA
M. D. DE CHETILLA,G,CHETILLA
M. D. DE MIGUEL IGLESIAS,G,MIGUEL IGLESIAS
M. D. DE CHOROS,G,CHOROS
M. D. DE PIMPINGOS,G,PIMPINGOS
M. D. DE NAMBALLE,G,NAMBALLE
M. D. JOSE MANUEL QUIROZ,G,JOSE MANUEL QUIROZ
M. D. DE CACHIMAYO,F,CACHIMAYO
M. D. DE ANTA,G,ANTA
M. D. DE CONCHAMARCA,G,CONCHAMARCA
M. D. DE PACHAS,F,PACHAS
M. D. DE OBAS,G,OBAS
M. D. DE ANDAMARCA,G,ANDAMARCA
M. D. DE MATAHUASI,E,MATAHUASI
M. D. DE SAN LUIS DE SHUARO,F,SAN LUIS DE SHUARO
M. D. DE ULCUMAYO,G,ULCUMAYO
M. D. DE HUAMANCACA CHICO,E,HUAMANCACA CHICO
M. D. DE ETEN,E,ETEN
M. D. DE SAN BARTOLO,C,SAN BARTOLO
M. D. SANTA CRUZ DE FLORES,E,SANTA CRUZ DE FLORES
M. D. STA. CRUZ DE COCACHACRA,E,STA CRUZ DE COCACHACRA
M. D. DE CALETA DE CARQUIN,D,CALETA DE CARQUIN
M. D. DE INDIANA,F,INDIANA
M. D. DE YAVARI,G,YAVARI
M. D. DE TINYAHUARCO,E,TINYAHUARCO
M. D. DE VICCO,E,VICCO
M. D. DE POZUZO,G,POZUZO
M. D. DE LALAQUIZ,G,LALAQUIZ
M. D. DE ATUNCOLLA,G,ATUNCOLLA
M. D. DE CHUCUITO,G,CHUCUITO
M. D. DE PICHACANI,F,PICHACANI
M. D. DE CAMINACA,G,CAMINACA
M. D. DE TIRAPATA,G,TIRAPATA
M. D. DE COJATA,F,COJATA
M. D. DE CONIMA,G,CONIMA
M. D. DE HUALLAGA,F,HUALLAGA
M. D. DE SAN PABLO,E,SAN PABLO
M. D. DE SAN RAFAEL,E,SAN RAFAEL
M. D. DE RUMISAPA,F,RUMISAPA
M. D. DE YURACYACU,E,YURACYACU
M. D. DE SAN JUAN DE LA VIRGEN,E,SAN JUAN DE LA VIRGEN
M. P. HUALGAYOC - BAMBAMARCA,B,HUALGAYOC BAMBAMARCA
M. P. DE ATALAYA - RAYMONDI,B,ATALAYA RAYMONDI
M. D. DE VEINTISEIS OCTUBRE,D,VEINTISEIS OCTUBRE
M. P. SAN ROMAN - JULIACA,A,SAN ROMAN JULIACA
M. D. DE HUANCHACO,D,HUANCHACO
M. D. DE PAUCARPATA,D,PAUCARPATA
M. P. DE CHICLAYO,A,CHICLAYO
M. P. DE CAJABAMBA,B,CAJABAMBA
M. P. DE HUARAL,A,HUARAL
M. D. DE PUENTE PIEDRA,C,PUENTE PIEDRA
M. P. DE HUANCAYO,A,HUANCAYO
M. P. DE VIRU,A,VIRU
M. D. DE PUEBLO NUEVO,D,PUEBLO NUEVO
M. P. DE OXAPAMPA,B,OXAPAMPA
M. P. DE CAÑETE - SAN VICENTE,A,CANETE SAN VICENTE
M. D. SAN JUAN DE LURIGANCHO,C,SAN JUAN DE LURIGANCHO
M. D. DE ATE - VITARTE,C,ATE VITARTE
M. D. DE CARABAYLLO,C,CARABAYLLO
M. D. DE CIENEGUILLA,C,CIENEGUILLA
M. P. DE SATIPO,A,SATIPO
M. D. DE SAN ISIDRO,C,SAN ISIDRO
M. P. DE ASCOPE,B,ASCOPE
M. P. DE MAYNAS - IQUITOS,A,MAYNAS IQUITOS
M. D. DE ALTO DE LA ALIANZA,D,ALTO DE LA ALIANZA
M. P. DE ZARUMILLA,A,ZARUMILLA
M. P. RODRIGUEZ DE MENDOZA,B,RODRIGUEZ DE MENDOZA
M. P. DE CONDORCANQUI - NIEVA,B,CONDORCANQUI NIEVA
M. P. DE PAUCARTAMBO,B,PAUCARTAMBO
M. D. DE LA MOLINA,C,LA MOLINA
M. P. DE ABANCAY,A,ABANCAY
M. P. DE YUNGAY,B,YUNGAY
M. P. DE PADRE ABAD - AGUATIA,B,PADRE ABAD AGUATIA
M. D. DE MOCHE,D,MOCHE
M. P. DE CARAVELI,B,CARAVELI
M. P. DE TRUJILLO,A,TRUJILLO
M. D. DE CHORRILLOS,C,CHORRILLOS
M. P. DE TAHUAMANU - IÑAPARI,B,TAHUAMANU INAPARI
M. P. DE HUAMANGA,A,HUAMANGA
M. D. DE EL AGUSTINO,C,EL AGUSTINO
M. P. LEONCIO PRADO -RUPA RUPA,A,LEONCIO PRADO RUPA RUPA
M. P. DE POMABAMBA,B,POMABAMBA
M. P. CONDESUYOS-CHUQUIBAMBA,B,CONDESUYOS CHUQUIBAMBA
M. D. DE YARINACOCHA,D,YARINACOCHA
M. D. DE SAN CLEMENTE,D,SAN CLEMENTE
M. P. DE CHUCUITO - JULI,B,CHUCUITO JULI
M. P. DE CHEPEN,A,CHEPEN
M. D. DE SAN MIGUEL,D,SAN MIGUEL
M. P. EL COLLAO - ILAVE,A,EL COLLAO ILAVE
M. P. QUISPICANCHIS - URCOS,B,QUISPICANCHIS URCOS
M. D. DE HUAYUCACHI,D,HUAYUCACHI
M. P. DE PARURO,B,PARURO
M. P. DE CORONGO,B,CORONGO
M. P. DE CELENDIN,B,CELENDIN
M. P. DE PALLASCA - CABANA,B,PALLASCA CABANA
M. P. PASCO - CHAUPIMARCA,A,PASCO CHAUPIMARCA
M. P. DE ACOMAYO,B,ACOMAYO
M. D. DE COMAS,C,COMAS
M. P. PACASMAYO-SAN PEDRO,B,PACASMAYO SAN PEDRO
M. D. DE SANTA ROSA DE SACCO,D,SANTA ROSA DE SACCO
M. P. UCAYALI - CONTAMANA,B,UCAYALI CONTAMANA
M. D. DE RIMAC,C,RIMAC
M. D. DE MAGDALENA DEL MAR,C,MAGDALENA DEL MAR
M. D. DE MORALES,D,MORALES
M. D. DE LAS PIEDRAS,D,LAS PIEDRAS
M. D. DE SAN BORJA,C,SAN BORJA
M. D. DE GROCIO PRADO,D,GROCIO PRADO
M. D. DE LA VICTORIA,C,LA VICTORIA
M. D. DE HUANCAN,D,HUANCAN
M. P. DE SAN MARCOS - GALVEZ,B,SAN MARCOS GALVEZ
M. P. DE OCROS,B,OCROS
M. P. DE OYON,B,OYON
M. D. DE EL TAMBO,D,EL TAMBO
M. P. DE VILCAS HUAMAN,B,VILCAS HUAMAN
M. P. DE CHURCAMPA,B,CHURCAMPA
M. P. DE JUNIN,B,JUNIN
M. P. DE BOLIVAR,B,BOLIVAR
M. P. DE TOCACHE,B,TOCACHE
M. P. DE CASTROVIRREYNA,B,CASTROVIRREYNA
M. D. DE LOS OLIVOS,C,LOS OLIVOS
M. D. DE ANCON,C,ANCON
M. D. DE AMARILIS,D,AMARILIS
M. P. DE PUERTO INCA,B,PUERTO INCA
M. P. DE PARINACOCHAS,B,PARINACOCHAS
M. P. ASUNCION - CHACAS,B,ASUNCION CHACAS
M. P. DE TARATA,B,TARATA
M. P. DE HUAROCHIRI - MATUCANA,B,HUAROCHIRI MATUCANA
M. D. DE SALAVERRY,D,SALAVERRY
M. P. DE PURUS,B,PURUS
M. P. DE JAUJA,A,JAUJA
M. P. DE MRC. RAMON CASTILLA,B,MRC RAMON CASTILLA
M. D. DE BELLAVISTA,D,BELLAVISTA
M. D. DE SAN RAMON,D,SAN RAMON
M. P. PAUCAR SARA SARA,B,PAUCAR SARA SARA
M. P. DE DANIEL CARRION,B,DANIEL CARRION
M. D. DE PERENE,D,PERENE
M. P. DE MOHO,B,MOHO
M. P. DE SIHUAS,B,SIHUAS
M. P. DE CHINCHEROS,B,CHINCHEROS
M. P. VICTOR FAJARDO - HUANCAPI,B,VICTOR FAJARDO HUANCAPI
M. P. DE HUAYTARA,B,HUAYTARA
M. D. DE JESUS NAZARENO,D,JESUS NAZARENO
M. P. DE PUTUMAYO,B,PUTUMAYO
M. P. DE HUANCA SANCOS,B,HUANCA SANCOS
M. P. DE HUACAYBAMBA,B,HUACAYBAMBA
M. D. DE LA ARENA,D,LA ARENA
M. D. TUPAC AMARU INCA,D,TUPAC AMARU INCA
M. D. DE ASCENSION,D,ASCENSION
M. D. DE TAMBURCO,D,TAMBURCO
M. D. DE BREÑA,C,BRENA
M. D. DE PILLCO MARCA,D,PILLCO MARCA
M. D. DE SAN ANDRES,D,SAN ANDRES
M. D. DE SANTA MARIA,D,SANTA MARIA
M. D. DE TUMAN,D,TUMAN
M. D. DE SURQUILLO,C,SURQUILLO
M. D. DE EL PORVENIR,D,EL PORVENIR
M. D. DE SAPALLANGA,D,SAPALLANGA
M. D. DE HUALMAY,D,HUALMAY
M. D. DE PUNTA HERMOSA,C,PUNTA HERMOSA
M. D. DE PUEBLO LIBRE,C,PUEBLO LIBRE
M. D. DE SAN AGUSTIN,D,SAN AGUSTIN
M. D. DE PILCOMAYO,D,PILCOMAYO
M. D. DE CHIGUATA,D,CHIGUATA
M. D. DE YANAHUARA,D,YANAHUARA
M. D. ANDRES A. CACERES,D,ANDRES A CACERES
M. D. CARMEN DE LA LEGUA,D,CARMEN DE LA LEGUA
M. D. DE CASTILLO GRANDE,D,CASTILLO GRANDE
M. D. DE MONSEFU,D,MONSEFU
M. D. DE POMALCA,D,POMALCA
M. D. DE JESUS MARIA,C,JESUS MARIA
M. D. DE SIMON BOLIVAR,D,SIMON BOLIVAR
M. D. DE SAUSA,D,SAUSA
M. D. DE HUALHUAS,D,HUALHUAS
M. D. DE HUAYLLAY,E,HUAYLLAY
M. D. DE CAYALTI,E,CAYALTI
M. D. DE LARAOS,E,LARAOS
M. D. DE CHILCA,E,CHILCA
M. D. DE LEONOR ORDOÑEZ,E,LEONOR ORDONEZ
M. D. DE PAUCAS,E,PAUCAS
M. D. DE SAN JOSE,E,SAN JOSE
M. D. DE MANCORA,E,MANCORA
M. D. DE VARGAS GUERRA,E,VARGAS GUERRA
M. D. DE PARACAS,E,PARACAS
M. D. DE SANTA,E,SANTA
M. D. DE PACANGA,E,PACANGA
M. D. DE BUENOS AIRES,E,BUENOS AIRES
M. D. DE LEIMEBAMBA,E,LEIMEBAMBA
M. D. DE VICHAYAL,E,VICHAYAL
M. D. DE MARCAVELICA,E,MARCAVELICA
M. D. DE LA HUACA,E,LA HUACA
M. D. DE HUAY-HUAY,E,HUAY HUAY
M. D. DE AYNA,E,AYNA
M. D. DE RAHUAPAMPA,E,RAHUAPAMPA
M. D. DE CERRO AZUL,E,CERRO AZUL
M. D. DE ALTO LARAN,E,ALTO LARAN
M. D. DE ZAÑA,E,ZANA
M. D. DE LABERINTO,E,LABERINTO
M. D. DE CURA MORI,E,CURA MORI
M. D. DE NINACACA,E,NINACACA
M. D. DE CUCHUMBAYA,E,CUCHUMBAYA
M. D. DE CARHUAMAYO,E,CARHUAMAYO
M. D. DE PUCALA,E,PUCALA
M. D. DE CAYLLOMA,E,CAYLLOMA
M. D. DE ASIA,E,ASIA
M. D. DE AUCALLAMA,E,AUCALLAMA
M. D. DE CRESPO Y CASTILLO,E,CRESPO Y CASTILLO
M. D. DE QUILMANA,E,QUILMANA
M. D. DE MEJIA,E,MEJIA
M. D. SAN JERONIMO DE TUNAN,E,SAN JERONIMO DE TUNAN
M. D. DE ANANEA,E,ANANEA
M. D. DE NUEVE DE JULIO,E,NUEVE DE JULIO
M. D. DE ORCOTUNA,E,ORCOTUNA
M. D. DE VIQUES,E,VIQUES
M. D. DE ORCOPAMPA,E,ORCOPAMPA
M. D. DE TAMARINDO,E,TAMARINDO
M. D. DE SALITRAL,E,SALITRAL
M. D. DE COLQUIOC,E,COLQUIOC
M. D. DE HUEPETUHE,E,HUEPETUHE
M. D. DE MAGDALENA DE CAO,E,MAGDALENA DE CAO
M. D. DE RINCONADA LLICUAR,E,RINCONADA LLICUAR
M. D. DE LA UNION,E,LA UNION
M. D. DE PULLO,E,PULLO
M. D. DE SAN LORENZO,E,SAN LORENZO
M. D. DE CALZADA,E,CALZADA
M. D. DE JUAN GUERRA,E,JUAN GUERRA
M. D. DE TRES DE DICIEMBRE,E,TRES DE DICIEMBRE
M. D. DE JEQUETEPEQUE,E,JEQUETEPEQUE
M. D. DE EL MANTARO,E,EL MANTARO
M. D. DE LUNAHUANA,E,LUNAHUANA
M. D. DE IBERIA,E,IBERIA
M. D. DE PUCACACA,E,PUCACACA
M. D. DE CHILETE,E,CHILETE
M. D. DE COLCHA,E,COLCHA
M. D. DE YANQUE,E,YANQUE
M. D. DE SANTA ROSA DE OCOPA,E,SANTA ROSA DE OCOPA
M. D. DE CABANACONDE,E,CABANACONDE
M. D. COMANDANTE NOEL,E,COMANDANTE NOEL
M. D. DE PALLPATA,F,PALLPATA
M. D. DE SAN FERNANDO,F,SAN FERNANDO
M. D. DE MAZAMARI,F,MAZAMARI
M. D. DE TICLACAYAN,F,TICLACAYAN
M. D. DE QUIRUVILCA,F,QUIRUVILCA
M. D. DE LARES,F,LARES
M. D. DE HUAYOPATA,F,HUAYOPATA
M. D. DE CHIARA,F,CHIARA
M. D. DE RAPAYAN,F,RAPAYAN
M. D. DE HUANCA,F,HUANCA
M. D. DE LOS MOROCHUCOS,F,LOS MOROCHUCOS
M. D. DE PITUMARCA,F,PITUMARCA
M. D. DE PASTAZA,F,PASTAZA
M. D. DE CHONGOS ALTO,F,CHONGOS ALTO
M. D. DE COLONIA,F,COLONIA
M. D. DANIEL HERNANDES,F,DANIEL HERNANDES
M. D. DE KOSÑIPATA,F,KOSNIPATA
M. D. DE ANCAHUASI,F,ANCAHUASI
M. D. DE SEPAHUA,F,SEPAHUA
M. D. DE LONGOTEA,F,LONGOTEA
M. D. DE HUACCANA,F,HUACCANA
M. D. DE JEBEROS,F,JEBEROS
M. D. DE PAZOS,F,PAZOS
M. D. DE HUAYLLABAMBA,F,HUAYLLABAMBA
M. D. DE ALBERTO LEVEAU,F,ALBERTO LEVEAU
M. D. DE MARGOS,F,MARGOS
M. D. DE LONYA GRANDE,F,LONYA GRANDE
M. D. DE VILCABAMBA,F,VILCABAMBA
M. D. DE CHINCHA BAJA,F,CHINCHA BAJA
M. D. DE DESAGUADERO,F,DESAGUADERO
M. D. DE HUMAY,F,HUMAY
M. D. DE AHUAC,F,AHUAC
M. D. SAN PEDRO DE PALCO,F,SAN PEDRO DE PALCO
M. D. DE MARIAS,F,MARIAS
M. D. DE EL MILAGRO,F,EL MILAGRO
M. D. DE CAJA,F,CAJA
M. D. DE CHANGUILLO,F,CHANGUILLO
M. D. DE LAMAY,F,LAMAY
M. D. DE ZAPATERO,F,ZAPATERO
M. D. DE CUISPES,F,CUISPES
M. D. DE NESHUYA,F,NESHUYA
M. D. DE CHOLON,F,CHOLON
M. D. DE CATAC,F,CATAC
M. D. DE APATA,F,APATA
M. D. DE HUACCHIS,F,HUACCHIS
M. D. DE PROGRESO,F,PROGRESO
M. D. DE CONSTITUCION,F,CONSTITUCION
M. D. DE CHUQUIS,F,CHUQUIS
M. D. DE CAYNA,F,CAYNA
M. D. DE CRISTO NOS VALGA,F,CRISTO NOS VALGA
M. D. DE CHAZUTA,F,CHAZUTA
M. D. SANTIAGO DE PISCHA,F,SANTIAGO DE PISCHA
M. D. DE INAMBARI,F,INAMBARI
M. D. DE EL CARMEN,F,EL CARMEN
M. D. DE MACARI,F,MACARI
M. D. DE UCHIZA,F,UCHIZA
M. D. DE MOCHUMI,F,MOCHUMI
M. D. BUENA VISTA ALTA,F,BUENA VISTA ALTA
M. D. DE CCOCHACCASA,F,CCOCHACCASA
M. D. DE ARAHUAY,F,ARAHUAY
M. D. DE MOYA,F,MOYA
M. D. DE OYOLO,F,OYOLO
M. D. DE CUSCA,F,CUSCA
M. D. DE LIMBANI,F,LIMBANI
M. D. DE CONDOROMA,F,CONDOROMA
M. D. DE RIO GRANDE,F,RIO GRANDE
M. D. DE SIVIA,F,SIVIA
M. D. DE LA JALCA,F,LA JALCA
M. D. DE RIPAN,F,RIPAN
M. D. DE TOMAY KICHWA,F,TOMAY KICHWA
M. D. DE URACA,F,URACA
M. D. SANTA MARIA DE CHICMO,F,SANTA MARIA DE CHICMO
M. D. DE SAN JUAN DEL ORO,F,SAN JUAN DEL ORO
M. D. DE CAJACAY,F,CAJACAY
M. D. DE NUEVO PROGRESO,F,NUEVO PROGRESO
M. D. DE SAN JOSE DE QUERO,F,SAN JOSE DE QUERO
M. D. DE MILPUC,F,MILPUC
M. D. DE SAN ANTONIO DE CACHI,F,SAN ANTONIO DE CACHI
M. D. DE COLCAMAR,F,COLCAMAR
M. D. DE PAUCARA,F,PAUCARA
M. D. DE ACCHA,F,ACCHA
M. D. TNT. CESAR LOPEZ,F,TNT CESAR LOPEZ
M. D. DE CAYNARACHI,F,CAYNARACHI
M. D. DE FERNANDO LORES,F,FERNANDO LORES
M. D. DE HUACHOCOLPA,F,HUACHOCOLPA
M. D. DE CONILA,F,CONILA
M. D. DE RAZURI,F,RAZURI
M. D. DE AYAHUANCO,F,AYAHUANCO
M. D. DE URANMARCA,F,URANMARCA
M. D. DE CACRA,F,CACRA
M. D. DE TISCO,F,TISCO
M. D. DE TAHUAMANU,F,TAHUAMANU
M. D. DE QUINUA,F,QUINUA
M. D. DE LLAMA,F,LLAMA
M. D. DE LURICOCHA,F,LURICOCHA
M. D. DE VISCHONGO,F,VISCHONGO
M. D. DE HUACHON,F,HUACHON
M. D. DE NUEVA REQUENA,F,NUEVA REQUENA
M. D. DE MESONES MURO,F,MESONES MURO
M. D. DE ACOS,F,ACOS
M. D. DE EL PARCO,F,EL PARCO
M. D. DE OCALLI,F,OCALLI
M. D. DE TOTOS,F,TOTOS
M. D. DE TANTARICA,F,TANTARICA
M. D. DE EDUARDO VILLANUEVA,F,EDUARDO VILLANUEVA
M. D. DOMINGO CHOQUEHUANCA,F,DOMINGO CHOQUEHUANCA
M. D. DE HUIMBAYOC,F,HUIMBAYOC
M. D. DE LUYA,F,LUYA
M. D. DE CANAYRE,F,CANAYRE
M. D. DE SANTA BARBARA,F,SANTA BARBARA
M. D. DE CHARCANA,F,CHARCANA
M. D. DE CHAPIMARCA,F,CHAPIMARCA
M. D. DE CHACA,F,CHACA
M. D. SAN MIGUEL CHACCRAMPA,F,SAN MIGUEL CHACCRAMPA
M. D. DE HUANTAN,F,HUANTAN
M. D. DE CHINGAS,F,CHINGAS
M. D. DE COLCA,F,COLCA
M. D. DE IHUARI,F,IHUARI
M. D. CHAVIN DE HUANTAR,G,CHAVIN DE HUANTAR
M. D. DE ECHARATE,G,ECHARATE
M. D. DE CAJAY,G,CAJAY
M. D. DE SANTA TERESA,G,SANTA TERESA
M. D. DE RIO TAMBO,G,RIO TAMBO
M. D. DE SUYO,G,SUYO
M. D. DE CHALLABAMBA,G,CHALLABAMBA
M. D. DE LAYO,G,LAYO
M. D. DE TACABAMBA,G,TACABAMBA
M. D. DE INKAWASI,G,INKAWASI
M. D. DE OCOBAMBA,G,OCOBAMBA
M. D. DE FRIAS,G,FRIAS
M. D. APARICIO POMARES,G,APARICIO POMARES
M. D. DE COSPAN,G,COSPAN
M. D. DE URARINAS,G,URARINAS
M. D. DE CIELO PUNCO,G,CIELO PUNCO
M. D. DE PAMPAROMAS,G,PAMPAROMAS
M. D. DE CHAMACA,G,CHAMACA
M. D. DE CAHUAPANAS,G,CAHUAPANAS
M. D. DE ACOCRO,G,ACOCRO
M. D. DE MARA,G,MARA
M. D. DE USQUIL,G,USQUIL
M. D. DE CATACHE,G,CATACHE
M. D. DE ALTO NANAY,G,ALTO NANAY
M. D. DE SOCOTA,G,SOCOTA
M. D. DE POLVORA,G,POLVORA
M. D. DE ANCO,G,ANCO
M. D. DE ACRAQUIA,G,ACRAQUIA
M. D. DE HUANCARANI,G,HUANCARANI
M. D. DE PAMPACHIRI,G,PAMPACHIRI
M. D. DE MASISEA,G,MASISEA
M. D. DE JOSE GALVEZ,G,JOSE GALVEZ
M. D. DE SALCABAMBA,G,SALCABAMBA
M. D. SANTA ANA DE TUSI,G,SANTA ANA DE TUSI
M. D. DE HUANDO,G,HUANDO
M. D. DE BULDIBUYO,G,BULDIBUYO
M. D. DE TOURNAVISTA,G,TOURNAVISTA
M. D. DE CHONTALI,G,CHONTALI
M. D. DE OMACHA,G,OMACHA
M. D. DE RIO NEGRO,G,RIO NEGRO
M. D. DE CACHACHI,G,CACHACHI
M. D. DE PICHIGUA,G,PICHIGUA
M. D. DE CATILLUC,G,CATILLUC
M. D. DE PALCAZU,G,PALCAZU
M. D. DE HONORIA,G,HONORIA
M. D. DE MARANGANI,G,MARANGANI
M. D. DE LLUMPA,G,LLUMPA
M. D. DE ANCHIHUAY,G,ANCHIHUAY
M. D. DE UCHURACCAY,G,UCHURACCAY
M. D. DE ICHUÑA,G,ICHUNA
M. D. DE CAPILLAS,G,CAPILLAS
M. D. DE ANCHONGA,G,ANCHONGA
M. D. DE SAN JOSE DEL ALTO,G,SAN JOSE DEL ALTO
M. D. DE CALQUIS,G,CALQUIS
M. D. DE IMAZA,G,IMAZA
M. D. DE HUABAL,G,HUABAL
M. D. DE CHOROPAMPA,G,CHOROPAMPA
M. D. DE TAPAIRIHUA,G,TAPAIRIHUA
M. D. DE PISACOMA,G,PISACOMA
M. D. DE ACOBAMBILLA,G,ACOBAMBILLA
M. D. DE CAICAY,G,CAICAY
M. D. DE CHINCHAYPUJIO,G,CHINCHAYPUJIO
M. D. DE CURGOS,G,CURGOS
M. D. DE CAPACHICA,G,CAPACHICA
M. D. DE TANTAMAYO,G,TANTAMAYO
M. D. DE POMAHUACA,G,POMAHUACA
M. D. DE SAN MARCOS ROCCHAC,G,SAN MARCOS ROCCHAC
M. D. DE AYAPATA,G,AYAPATA
M. D. DE SOPLIN,G,SOPLIN
M. D. DE SAYAPULLO,G,SAYAPULLO
M. D. DE CHORAS,G,CHORAS
M. D. DE LA COIPA,G,LA COIPA
M. D. DE MORROPE,G,MORROPE
M. D. DE CURICACA,G,CURICACA
M. D. DE SOCOS,G,SOCOS
M. D. DE QUICHES,G,QUICHES
M. D. DE JOSE SABOGAL,G,JOSE SABOGAL
M. D. DE HUIPOCA,G,HUIPOCA
M. D. DE SONDORILLO,G,SONDORILLO
M. D. DE LA LIBERTAD DE PALLAN,G,LA LIBERTAD DE PALLAN
M. D. DE ZEPITA,G,ZEPITA
M. D. DE PACOBAMBA,G,PACOBAMBA
M. D. DE PILCUYO,G,PILCUYO
M. D. SAN PEDRO DE PUTINA,G,SAN PEDRO DE PUTINA
M. D. DE MIRGAS,G,MIRGAS
M. D. DE COTARUSE,G,COTARUSE
M. D. DE SONDOR,G,SONDOR
M. D. DE PACUCHA,G,PACUCHA
M. D. DE PHARA,G,PHARA
M. D. DE UMACHIRI,G,UMACHIRI
M. D. DE ALTO PICHIGUA,G,ALTO PICHIGUA
M. D. DE LLAYLLA,G,LLAYLLA
M. D. DE HUAYO,G,HUAYO
M. D. DE SAN BERNARDINO,G,SAN BERNARDINO
M. D. DE TAURIJA,G,TAURIJA
M. D. DE MUÑANI,G,MUNANI
M. D. DE AHUAYCHA,G,AHUAYCHA
M. D. DE PIAS,G,PIAS
M. D. DE CHUPA,G,CHUPA
M. D. DE CORIS,G,CORIS
M. D. DE SAN NICOLAS,G,SAN NICOLAS
M. D. DE PUCACOLPA,G,PUCACOLPA
M. D. DE SITACOCHA,G,SITACOCHA
M. D. DE CODO DE POZUZO,G,CODO DE POZUZO
M. D. DE CORONEL CASTAÑEDA,G,CORONEL CASTANEDA
M. D. DE KISHUARA,G,KISHUARA
M. D. DE CHARAT,G,CHARAT
M. D. DE SITABAMBA,G,SITABAMBA
M. D. DE POROTO,G,POROTO
M. D. DE CIRCA,G,CIRCA
M. D. DE OCUMAL,G,OCUMAL
M. D. DE UNION PROGRESO,G,UNION PROGRESO
M. D. DE SAQUENA,G,SAQUENA
M. D. DE COATA,G,COATA
M. D. DE MARMOT,G,MARMOT
M. D. DE CHUGUR,G,CHUGUR
M. D. DE CHANCAYBAÑOS,G,CHANCAYBANOS
M. D. DE LAGUNAS,G,LAGUNAS
M. D. DE SALPO,G,SALPO
M. D. DE ANDARAPA,G,ANDARAPA
M. D. DE SANTILLANA,G,SANTILLANA
M. D. DE ROSASPATA,G,ROSASPATA
M. D. DE VILQUE CHICO,G,VILQUE CHICO
M. D. DE PATAMBUCO,G,PATAMBUCO
M. D. DE ALIS,G,ALIS
M. D. DE GUZMANGO,G,GUZMANGO
M. D. DE NIEPOS,G,NIEPOS
M. D. DE CHANCAY,G,CHANCAY
M. D. DE CHIRIMOTO,G,CHIRIMOTO
M. D. DE MATARA,G,MATARA
M. D. DE SOROCHUCO,G,SOROCHUCO
M. D. DE CHADIN,G,CHADIN
M. D. DE LA RAMADA,G,LA RAMADA
M. D. DE SAN LUIS DE LUCMA,G,SAN LUIS DE LUCMA
M. D. UNION AGUA BLANCA,G,UNION AGUA BLANCA
M. D. DE COSME,G,COSME
M. D. DE PUCAYACU,G,PUCAYACU
M. D. DE BAMBAMARCA,G,BAMBAMARCA
M. D. DE AMANTANI,G,AMANTANI
M. D. DE ACHAYA,G,ACHAYA
M. D. DE CURPAHUASI,G,CURPAHUASI
M. D. DE CONDURIRI,G,CONDURIRI
M. D. DE TUPAC AMARU,G,TUPAC AMARU
M. D. DE COCHARCAS,G,COCHARCAS
M. D. DE HUANIPACA,G,HUANIPACA
M. D. DE GAMARRA,G,GAMARRA
M. D. DE LA CAPILLA,G,LA CAPILLA
M. D. DE HUAYLLACAYAN,G,HUAYLLACAYAN
M. D. DE URPAY,G,URPAY
M. D. DE MONOBAMBA,G,MONOBAMBA
M. D. DE YAUCA DEL ROSARIO,G,YAUCA DEL ROSARIO
M. D. DE LUCRE,G,LUCRE
M. D. DE CHALLHUAHUACHO,F,CHALLHUAHUACHO
M. D. DE QUIMBIRI,F,QUIMBIRI
M. D. DE TORATA,F,TORATA
M. D. DE ITE,F,ITE
M. D. DE PUINAHUA,F,PUINAHUA
M. D. DE VILLA VIRGEN,F,VILLA VIRGEN
M. D. DE PARCOY,F,PARCOY
M. D. DE HUANTAR,F,HUANTAR
M. D. DE HUACHIS,F,HUACHIS
M. D. DE HUACACHI,F,HUACACHI
M. D. DE EL INGENIO,F,EL INGENIO
M. D. DE HAQUIRA,F,HAQUIRA
M. D. DE MORONA,F,MORONA
M. D. DE LAS LOMAS,F,LAS LOMAS
M. D. DE VITOR,F,VITOR
M. D. DE PARDO MIGUEL,F,PARDO MIGUEL
M. D. DE CURAHUASI,F,CURAHUASI
M. D. DE LA MORADA,F,LA MORADA
M. D. DE AWAJUN,F,AWAJUN
M. D. DE VELILLE,F,VELILLE
M. D. DE YAMBRASBAMBA,F,YAMBRASBAMBA
M. D. DE HUANOQUITE,F,HUANOQUITE
M. D. DE MORO,F,MORO
M. D. DE POROY,F,POROY
M. D. DE MAZAN,F,MAZAN
M. D. DE FLORIDA,F,FLORIDA
M. D. DE ILLIMO,F,ILLIMO
M. D. DE COTABAMBAS,F,COTABAMBAS
M. D. DE PISAC,F,PISAC
M. D. DE CAMPOVERDE,F,CAMPOVERDE
M. D. DE EMILIO SAN MARTIN,F,EMILIO SAN MARTIN
M. D. DE SAMUGARI,F,SAMUGARI
M. D. STA. CATALINA DE MOSSA,F,STA CATALINA DE MOSSA
M. D. SAN JUAN TARUCANI,F,SAN JUAN TARUCANI
M. D. DE SAYLLA,F,SAYLLA
M. D. DE ANTAUTA,F,ANTAUTA
M. D. DE CUMBA,F,CUMBA
M. D. DE CULEBRAS,F,CULEBRAS
M. D. DE TRES UNIDOS,F,TRES UNIDOS
M. D. DE EL ESLABON,F,EL ESLABON
M. D. DE LA MATANZA,F,LA MATANZA
M. D. DE INDEPENDENCIA,F,INDEPENDENCIA
M. D. DE UCO,F,UCO
M. D. DE JANGAS,F,JANGAS
M. D. DE POMACANCHI,F,POMACANCHI
M. D. DE ALTO TAPICHE,F,ALTO TAPICHE
M. D. SAN PEDRO DE CHANA,F,SAN PEDRO DE CHANA
M. D. DE CARUMAS,F,CARUMAS
M. D. DE MARCARA,F,MARCARA
M. D. DE TABALOSOS,F,TABALOSOS
M. D. DE HUARANCHAL,F,HUARANCHAL
M. D. DE SAN JUAN DE BIGOTE,F,SAN JUAN DE BIGOTE
M. D. DE CONCHUCOS,F,CONCHUCOS
M. D. DE TAMBO,F,TAMBO
M. D. DE MASIN,F,MASIN
M. D. DE LLOCHEGUA,F,LLOCHEGUA
M. D. DE HUANCABAMBA,F,HUANCABAMBA
M. D. DE CACHICADAN,F,CACHICADAN
M. D. DE SANTA ROSA DE ALTO,F,SANTA ROSA DE ALTO
M. D. DE CAPELO,F,CAPELO
M. D. DE YAUTAN,F,YAUTAN
M. D. DE JAYANCA,F,JAYANCA
M. D. DE MOTUPE,F,MOTUPE
M. D. DE LONGAR,F,LONGAR
M. D. DE MARCAPOMACOCHA,F,MARCAPOMACOCHA
M. D. DE CHUSCHI,F,CHUSCHI
M. D. DE CHINCHERO,F,CHINCHERO
M. D. DE HUARO,F,HUARO
M. D. DE SUITUCANCHA,F,SUITUCANCHA
M. D. DE HUAROCONDO,F,HUAROCONDO
M. D. DE CABANILLAS,F,CABANILLAS
M. D. DE TAPICHE,F,TAPICHE
M. D. DE YANAS,F,YANAS
M. D. DE TINGO,F,TINGO
M. D. DE ANGASMARCA,F,ANGASMARCA
M. D. DE MANCOS,F,MANCOS
M. D. DE CHAGLLA,F,CHAGLLA
M. D. DE TUCUME,F,TUCUME
M. D. DE PACHIZA,F,PACHIZA
M. D. DE CHECACUPE,F,CHECACUPE
M. D. DE OCUCAJE,F,OCUCAJE
M. D. DE AJOYANI,F,AJOYANI
M. D. DE PUERTO BERMUDEZ,F,PUERTO BERMUDEZ
M. D. DE PACAICASA,F,PACAICASA
M. D. DE PUCARA,F,PUCARA
M. D. DE PUCYURA,F,PUCYURA
M. D. DE LAMBRAMA,F,LAMBRAMA
M. D. DE AMASHCA,F,AMASHCA
M. D. DE LA PECA,F,LA PECA
M. D. DE IRAZOLA,F,IRAZOLA
M. D. DE CAMPORREDONDO,F,CAMPORREDONDO
M. D. DE CHAPARRA,F,CHAPARRA
M. D. DE ROSARIO,F,ROSARIO
M. D. DE SARAYACU,F,SARAYACU
M. D. DE TINTA,F,TINTA
M. D. DE CHICLA,F,CHICLA
M. D. DE INCLAN,F,INCLAN
M. D. ALONSO DE ALVARADO,F,ALONSO DE ALVARADO
M. D. SAN PEDRO DE CORIS,F,SAN PEDRO DE CORIS
M. D. DE SAN ANTON,F,SAN ANTON
M. D. DE SAYAN,F,SAYAN
M. D. DE CHICHAS,F,CHICHAS
M. D. DE POTONI,F,POTONI
M. D. DE JEPELACIO,F,JEPELACIO
M. D. DE PITIPO,F,PITIPO
M. D. DE LUYANDO,F,LUYANDO
M. D. DE SICCHEZ,F,SICCHEZ
M. D. DE USICAYOS,F,USICAYOS
M. D. DE ZURITE,F,ZURITE
M. D. DE CHACAPALPA,F,CHACAPALPA
M. D. DE QUILCAPUNCU,F,QUILCAPUNCU
M. D. DE PACCARITAMBO,F,PACCARITAMBO
M. D. DE OLLEROS,F,OLLEROS
M. D. DE RANRAHIRCA,F,RANRAHIRCA
M. D. DE PUYCA,F,PUYCA
M. D. DE ACOPIA,F,ACOPIA
M. D. DE ALTO BIAVO,F,ALTO BIAVO
M. D. DE PADRE MARQUEZ,F,PADRE MARQUEZ
M. D. DE SANTA ROSA DE QUIVES,F,SANTA ROSA DE QUIVES
M. D. DE PACHIA,F,PACHIA
M. D. DE PAMPAS DE HOSPITAL,F,PAMPAS DE HOSPITAL
M. D. DE POMACANCHA,F,POMACANCHA
M. D. DE CUYOCUYO,F,CUYOCUYO
M. D. DE CALANA,F,CALANA
M. D. DE HUANCARAMA,F,HUANCARAMA
M. D. DE CORANI,F,CORANI
M. D. DE PATAYPAMPA,F,PATAYPAMPA
M. D. DE HUAMANGUILLA,F,HUAMANGUILLA
M. D. DE MOSOC LLACTA,F,MOSOC LLACTA
M. D. DE COASA,F,COASA
M. D. DE ALTO SAPOSOA,F,ALTO SAPOSOA
M. D. DE ACOPAMPA,F,ACOPAMPA
M. D. DE YACUS,F,YACUS
M. D. DE MADRE DE DIOS,F,MADRE DE DIOS
M. D. DE MAÑAZO,F,MANAZO
M. D. DE HUATASANI,F,HUATASANI
M. D. DE NUÑOA,F,NUNOA
M. D. DE HUICUNGO,F,HUICUNGO
M. D. DE TINGO DE PONASA,F,TINGO DE PONASA
M. D. DE SHANAO,F,SHANAO
M. D. DE SHATOJA,F,SHATOJA
M. D. DE RONDOCAN,F,RONDOCAN
M. D. DE CUÑUMBUQUI,F,CUNUMBUQUI
M. D. DE HUAMBALPA,F,HUAMBALPA
M. D. DE QUIVILLA,F,QUIVILLA
M. D. DE AYAVI,F,AYAVI
M. D. DE YARABAMBA,E,YARABAMBA
M. D. DE PICHARI,E,PICHARI
M. D. DE MARCONA,E,MARCONA
M. P. DE ILABAYA,E,ILABAYA
M. D. DE UCHUMAYO,E,UCHUMAYO
M. D. DE BERNAL,E,BERNAL
M. D. DE LA JOYA,E,LA JOYA
M. D. DE CHALA,E,CHALA
M. D. DE EL ALTO,E,EL ALTO
M. D. DE HUASICANCHA,E,HUASICANCHA
M. D. DE MOROCOCHA,E,MOROCOCHA
M. D. DE COLAN,E,COLAN
M. D. DE COCACHACRA,E,COCACHACRA
M. D. DE NUEVO IMPERIAL,E,NUEVO IMPERIAL
M. D. DE VICE,E,VICE
M. D. DE SORITOR,E,SORITOR
M. D. DE OYOTUN,E,OYOTUN
M. D. DE LOBITOS,E,LOBITOS
M. D. DE NEPEÑA,E,NEPENA
M. D. DE QUEQUEÑA,E,QUEQUENA
M. D. DE SANTIAGO,E,SANTIAGO
M. D. DE MACHUPICCHU,E,MACHUPICCHU
M. D. DE NUEVA ARICA,E,NUEVA ARICA
M. D. DE MORROPON,E,MORROPON
M. D. DE CRUCERO,E,CRUCERO
M. D. DE SAMA,E,SAMA
M. D. DE LA BREA,E,LA BREA
M. D. DE SAMUEL PASTOR,E,SAMUEL PASTOR
M. D. DE PICSI,E,PICSI
M. D. CANOAS DE PUNTA SAL,E,CANOAS DE PUNTA SAL
M. D. DE LOS ORGANOS,E,LOS ORGANOS
M. D. DE ANDAHUAYLILLAS,E,ANDAHUAYLILLAS
M. D. DE OROPESA,E,OROPESA
M. D. DE CHOCOPE,E,CHOCOPE
M. D. DE HUALLANCA,E,HUALLANCA
M. D. DE QUILCAS,E,QUILCAS
M. D. DE VON HUMBOLDT,E,VON HUMBOLDT
M. D. DE ATICO,E,ATICO
M. D. DE PATAPO,E,PATAPO
M. D. DE CORRALES,E,CORRALES
M. D. DE PUNTA DE BOMBON,E,PUNTA DE BOMBON
M. D. DE VILLA RICA,E,VILLA RICA
M. D. DE CHONGOYAPE,E,CHONGOYAPE
M. D. DE VEGUETA,E,VEGUETA
M. D. DE JENARO HERRERA,E,JENARO HERRERA
M. D. DE SANTA RITA DE SIGUAS,E,SANTA RITA DE SIGUAS
M. D. DE ISLAY,E,ISLAY
M. D. DE CHACOCHE,E,CHACOCHE
M. D. DE QUERECOTILLO,E,QUERECOTILLO
M. D. DE EL TALLAN,E,EL TALLAN
M. D. DE PUNCHAO,E,PUNCHAO
M. D. DE JAZAN,E,JAZAN
M. D. DE ACARI,E,ACARI
M. D. DE ANCO HUALLO,E,ANCO HUALLO
M. D. DE SAMANCO,E,SAMANCO
M. D. DE LLACLLIN,E,LLACLLIN
M. D. DE MIGUEL CHECA,E,MIGUEL CHECA
M. D. DE DEAN VALDIVIA,E,DEAN VALDIVIA
M. D. DE IGNACIO ESCUDERO,E,IGNACIO ESCUDERO
M. D. DE CAMANTI,E,CAMANTI
M. D. NICOLAS DE PIEROLA,E,NICOLAS DE PIEROLA
M. D. DE CHAO,E,CHAO
M. D. DE SANTIAGO DE CAO,E,SANTIAGO DE CAO
M. D. DE BELLA UNION,E,BELLA UNION
M. D. DE ELIAS SOPLIN VARGAS,E,ELIAS SOPLIN VARGAS
M. D. DE SANGARARA,E,SANGARARA
M. D. DE AUCARA,E,AUCARA
M. D. DE CAMILACA,E,CAMILACA
M. D. DE CHICAMA,E,CHICAMA
M. D. DE PATIVILCA,E,PATIVILCA
M. D. DE REQUE,E,REQUE
M. D. DE COYA,E,COYA
M. D. DE PILLPINTO,E,PILLPINTO
M. D. DE OCOÑA,E,OCONA
M. D. DE SANTA EULALIA,E,SANTA EULALIA
M. D. DE MARCA,E,MARCA
M. D. DE TATE,E,TATE
M. D. DE SAN MATEO,E,SAN MATEO
M. D. DE SAÑO,E,SANO
M. D. DE ACHOMA,E,ACHOMA
M. D. SAN ISIDRO DE MAINO,E,SAN ISIDRO DE MAINO
M. D. DE PUQUINA,E,PUQUINA
M. D. DE YUCAY,E,YUCAY
M. D. DE PACHACUTEC,E,PACHACUTEC
M. D. DE VIRACO,E,VIRACO
M. D. SAN JOSE DE LOS MOLINOS,E,SAN JOSE DE LOS MOLINOS
M. D. DE ÑAHUIMPUQUIO,E,NAHUIMPUQUIO
M. D. DE MATAPALO,E,MATAPALO
M. D. DE SAN JACINTO,E,SAN JACINTO
M. D. DE SAN PEDRO DE CAJAS,E,SAN PEDRO DE CAJAS
M. D. JOSE MARIA QUIMPER,E,JOSE MARIA QUIMPER
M. D. DE LA CRUZ,E,LA CRUZ
M. D. DE CHONGOS BAJO,E,CHONGOS BAJO
M. D. DE GUADALUPITO,E,GUADALUPITO
M. D. DE SAN HILARION,E,SAN HILARION
M. D. DE SAUCE,E,SAUCE
M. D. DE YANTALO,E,YANTALO
M. D. DE CACATACHI,E,CACATACHI
M. D. DE QUILAHUANI,E,QUILAHUANI
M. D. DE HUAYA,E,HUAYA
M. D. DE CONGAS,E,CONGAS
M. D. DE SABAINO,E,SABAINO
M. D. DE NUEVO CHIMBOTE,D,NUEVO CHIMBOTE
M. D. DE VISTA ALEGRE,D,VISTA ALEGRE
M. D. CORONEL ALBARRACIN,D,CORONEL ALBARRACIN
M. D. DE CERRO COLORADO,D,CERRO COLORADO
M. D. DE SAN SEBASTIAN,D,SAN SEBASTIAN
M. D. DE CAYMA,D,CAYMA
M. D. DE SOCABAYA,D,SOCABAYA
M. D. DE MAJES,D,MAJES
M. D. ALTO SELVA ALEGRE,D,ALTO SELVA ALEGRE
M. D. DE EL ALGARROBAL,D,EL ALGARROBAL
M. D. DE VENTANILLA,D,VENTANILLA
M. D. DE TAMBO GRANDE,D,TAMBO GRANDE
M. D. DE TIABAYA,D,TIABAYA
M. D. DE MARIANO MELGAR,D,MARIANO MELGAR
M. D. DE CASTILLA,D,CASTILLA
M. D. DE YURA,D,YURA
M. D. DE SALAS,D,SALAS
M. D. DE CATACAOS,D,CATACAOS
M. D. DE LA BANDA DE SHILCAYO,D,LA BANDA DE SHILCAYO
M. D. SAN JUAN BAUTISTA,D,SAN JUAN BAUTISTA
M. D. DE CIUDAD NUEVA,D,CIUDAD NUEVA
M. D. DE MANANTAY,D,MANANTAY
M. D. DE LOS AQUIJES,D,LOS AQUIJES
M. D. DE LARCO HERRERA,D,LARCO HERRERA
M. D. DE CHARACATO,D,CHARACATO
M. D. DE SUBTANJALLA,D,SUBTANJALLA
M. D. DE LEONARDO ORTIZ,D,LEONARDO ORTIZ
M. D. DE TINGUIÑA,D,TINGUINA
M. D. DE SAMEGUA,D,SAMEGUA
M. D. DE SACHACA,D,SACHACA
M. D. DE PIMENTEL,D,PIMENTEL
M. D. DE JACOBO HUNTER,D,JACOBO HUNTER
M. D. DE TALAVERA,D,TALAVERA
M. D. DE NUEVA CAJAMARCA,D,NUEVA CAJAMARCA
M. D. DE LUIS BUSTAMANTE,D,LUIS BUSTAMANTE
M. D. DE WANCHAQ,D,WANCHAQ
M. D. DE PARCONA,D,PARCONA
M. D. DE LAREDO,D,LAREDO
M. D. DE PACASMAYO,D,PACASMAYO
M. D. DE PANGOA,D,PANGOA
M. D. DE SUPE,D,SUPE
M. D. DE GUADALUPE,D,GUADALUPE
M. D. DE AGUAS VERDES,D,AGUAS VERDES
M. D. DE SUNAMPE,D,SUNAMPE
M. D. DE POCOLLAY,D,POCOLLAY
M. D. DE CARMEN ALTO,D,CARMEN ALTO
M. D. DE MI PERU,D,MI PERU
M. D. DE COISHCO,D,COISHCO
M. D. DE PICHANAQUI,D,PICHANAQUI
M. D. DE IMPERIAL,D,IMPERIAL
M. D. DE PAIJAN,D,PAIJAN
M. D. DE MOLLEBAYA,D,MOLLEBAYA
M. D. DE MALA,D,MALA
M. D. DE CASA GRANDE,D,CASA GRANDE
M. D. DE LA PERLA,D,LA PERLA
M. D. LOS BAÑOS DEL INCA,D,LOS BANOS DEL INCA
M. D. DE PUNCHANA,D,PUNCHANA
M. D. DE SICAYA,D,SICAYA
M. D. DE SABANDIA,D,SABANDIA
M. D. DE FLORENCIA DE MORA,D,FLORENCIA DE MORA
M. D. DE HUAURA,D,HUAURA
M. D. DE YAUYOS,D,YAUYOS
M. D. DE PACOCHA,D,PACOCHA
M. P. J. BASADRE - LOCUMBA,B,J BASADRE LOCUMBA
M. P. DE CHUMBIVILCAS,B,CHUMBIVILCAS
M. P. DE HUARI,B,HUARI
M. P. DE AYABACA,B,AYABACA
M. P. DE LAURICOCHA-JESUS,B,LAURICOCHA JESUS
M. P. DE OTUZCO,B,OTUZCO
M. P. FITZCARRALD - SAN LUIS,B,FITZCARRALD SAN LUIS
M. P. DE CARHUAZ,B,CARHUAZ
M. P. COTABAMBAS -TAMBOBAMBA,B,COTABAMBAS TAMBOBAMBA
M. P. DE TAYACAJA - PAMPAS,B,TAYACAJA PAMPAS
M. P. DE LA MAR - SAN MIGUEL,B,LA MAR SAN MIGUEL
M. P. DE DATEM DEL MARAÑON,B,DATEM DEL MARANON
M.P. DE PATAZ - TAYABAMBA,B,PATAZ TAYABAMBA
M. P. DE CALCA,B,CALCA
M. P. DE SANTIAGO DE CHUCO,B,SANTIAGO DE CHUCO
M. P. CAYLLOMA - CHIVAY,B,CAYLLOMA CHIVAY
M. P. DE URUBAMBA,B,URUBAMBA
M. P. AYMARAES - CHALHUANCA,B,AYMARAES CHALHUANCA
M. P. DOS DE MAYO - LA UNION,B,DOS DE MAYO LA UNION
M. P. DE LUCANAS - PUQUIO,B,LUCANAS PUQUIO
M. P. DE CARABAYA - MACUSANI,B,CARABAYA MACUSANI
M. P. LUZURIAGA - PISCOBAMBA,B,LUZURIAGA PISCOBAMBA
M. P. DE GRAN CHIMU-CASCAS,B,GRAN CHIMU CASCAS
M. P. DE ANGARAES - LIRCAY,B,ANGARAES LIRCAY
M. P. DE LORETO - NAUTA,B,LORETO NAUTA
M. P. C. VILLAR - ZORRITOS,B,C VILLAR ZORRITOS
M. P. DE AMBO,B,AMBO
M. P. DE PACHITEA - PANAO,B,PACHITEA PANAO
M. P. DE HUAYLAS - CARAZ,B,HUAYLAS CARAZ
M. P. MARAÑON-HUACRACHUCO,B,MARANON HUACRACHUCO
M. P. DE SAN IGNACIO,B,SAN IGNACIO
M. P. DE CAMANA,B,CAMANA
M. P. DE CANAS - YANAOCA,B,CANAS YANAOCA
M. P. DE LA UNION - COTAHUASI,B,LA UNION COTAHUASI
M. P. DE SANDIA,B,SANDIA
M. P. DE YUNGUYO,B,YUNGUYO
M. P. DE GRAU - CHUQUIBAMBILLA,B,GRAU CHUQUIBAMBILLA
M. P. EL DORADO - SAN JOSE SISA,B,EL DORADO SAN JOSE SISA
M. P. DE LUYA - LAMUD,B,LUYA LAMUD
M. P. DE CONTUMAZA,B,CONTUMAZA
M. P. DE PALPA,B,PALPA
M. P. DE HUAMALIES - LLATA,B,HUAMALIES LLATA
M. P. DE PICOTA,B,PICOTA
M. P. DE ANTABAMBA,B,ANTABAMBA
M. P. DE RECUAY,B,RECUAY
M. P. DE CANGALLO,B,CANGALLO
M. P. DE HUALLAGA - SAPOSOA,B,HUALLAGA SAPOSOA
M. P. YAROWILCA - CHAVINILLO,B,YAROWILCA CHAVINILLO
M. P. SUCRE - QUEROBAMBA,B,SUCRE QUEROBAMBA
M. P. SAN ANTONIO DE PUTINA,B,SAN ANTONIO DE PUTINA
M. P. DE LAMAS,B,LAMAS
M. P. DE HUANCANE,B,HUANCANE
M. P. DE CANDARAVE,B,CANDARAVE
M. P. SANCHEZ CERRO - OMATE,B,SANCHEZ CERRO OMATE
M. P. DE AIJA,B,AIJA
M. P. DE MANU,B,MANU
M. P. DE LAMPA,B,LAMPA
M. P. DE CASTILLA - APLAO,B,CASTILLA APLAO
M. P. DE BONGARA - JUMBILLA,B,BONGARA JUMBILLA
M. P. DE BOLOGNESI - CHIQUIAN,B,BOLOGNESI CHIQUIAN
M. P. DE CANTA,B,CANTA
M. P. DE CAJATAMBO,B,CAJATAMBO
M. P. DE LIMA (CERCADO),A,LIMA CERCADO
M. P. DE ESPINAR,A,ESPINAR
M. P. DE EL SANTA - CHIMBOTE,A,EL SANTA CHIMBOTE
M. P. DE ICA,A,ICA
M. P. DE MARISCAL NIETO,A,MARISCAL NIETO
M. P. DE PIURA,A,PIURA
M. P. DE SECHURA,A,SECHURA
M. P. DEL CUZCO,A,DEL CUZCO
M. P. DEL ALTO AMAZONAS,A,DEL ALTO AMAZONAS
M. P. DEL CALLAO,A,DEL CALLAO
M. P. DE TALARA - PARIÑAS,A,TALARA PARINAS
M. P. DE SANCHEZ CARRION,A,SANCHEZ CARRION
M. P. DE PAITA,A,PAITA
M. P. DE HUARAZ,A,HUARAZ
M. P. LA CONVENCION - STA. ANA,A,LA CONVENCION STA ANA
M. P. DE ILO,A,ILO
M. P. DE REQUENA,A,REQUENA
M. P. DE CANCHIS - SICUANI,A,CANCHIS SICUANI
M. P. DE NAZCA,A,NAZCA
M. D. DE VILLA MARIA TRIUNFO,C,VILLA MARIA TRIUNFO
M. P. DE AREQUIPA,A,AREQUIPA
M. D. DE VILLA EL SALVADOR,C,VILLA EL SALVADOR
M. P. DE CAJAMARCA,A,CAJAMARCA
M. P. DE CUTERVO,A,CUTERVO
M. P. DE CORONEL PORTILLO,A,CORONEL PORTILLO
M. P. DE CHOTA,A,CHOTA
M. P. MORROPON - CHULUCANAS,A,MORROPON CHULUCANAS
M. P. DE PISCO,A,PISCO
M. P. DE SULLANA,A,SULLANA
M. P. DE ISLAY - MOLLENDO,A,ISLAY MOLLENDO
M. P. DE TACNA,A,TACNA
M. P. DE JAEN,A,JAEN
M. P. DE TUMBES,A,TUMBES
M. P. DE ANDAHUAYLAS,A,ANDAHUAYLAS
M. D. DE LURIGANCHO (CHOSICA).,C,LURIGANCHO CHOSICA
M. P. DE CASMA,A,CASMA
M. P. DE CHINCHA -CHINCHA ALTA,A,CHINCHA CHINCHA ALTA
M. P. DE MELGAR - AYAVIRI,A,MELGAR AYAVIRI
M. D. DE SANTIAGO DE SURCO,C,SANTIAGO DE SURCO
M. P. DE LAMBAYEQUE,A,LAMBAYEQUE
M. P. DE RIOJA,A,RIOJA
M. P. DE CHACHAPOYAS,A,CHACHAPOYAS
M. D. DE SAN MARTIN DE PORRES,C,SAN MARTIN DE PORRES
M. D. SAN JUAN DE MIRAFLORES,C,SAN JUAN DE MIRAFLORES
M. P. DE TAMBOPATA,A,TAMBOPATA
M. P. DE HUARMEY,A,HUARMEY
M. P. DE MOYOBAMBA,A,MOYOBAMBA
M. P. DE HUANCAVELICA,A,HUANCAVELICA
M. P. DE BAGUA,A,BAGUA
M. P. DE FERREÑAFE,A,FERRENAFE
M. P. DE PUNO,A,PUNO
M. P. DE HUANTA,A,HUANTA
M. D. DE PACHACAMAC,C,PACHACAMAC
M. P. DE CHANCHAMAYO,A,CHANCHAMAYO
M. P. DE BARRANCA,A,BARRANCA
M. D. DE SANTA ANITA,C,SANTA ANITA
M. P. DE HUANUCO,A,HUANUCO
M. P. DE CHUPACA,A,CHUPACA
M. D. DE LURIN,C,LURIN
M. P. DE TARMA,A,TARMA
M. P. DE UTCUBAMBA,A,UTCUBAMBA
M. P. MARISCAL CACERES -JUANJUI,A,MARISCAL CACERES JUANJUI
M. P. SAN MARTIN - TARAPOTO,A,SAN MARTIN TARAPOTO
M. P. DE YAULI - LA OROYA,A,YAULI LA OROYA
M. D. DE BARRANCO,C,BARRANCO
M. D. DE PUCUSANA,C,PUCUSANA
M. D. DE LINCE,C,LINCE
M. D. DE PUNTA NEGRA,C,PUNTA NEGRA
M. D. DE SAN MARCOS,G,SAN MARCOS
M. D. DE MEGANTONI,G,MEGANTONI
M. D. DE QUELLOUNO,G,QUELLOUNO
M. D. DE UNIÓN ASHANINKA,G,UNI N ASHANINKA
M. D. DE LIVITACA,G,LIVITACA
M. D. DE CCATCA,G,CCATCA
M. D. DE BAJO BIAVO,G,BAJO BIAVO
M. D. DE KUMPIRUSHIATO,G,KUMPIRUSHIATO
M. D. DE PONTO,G,PONTO
M. D. DE MANITEA,G,MANITEA
M. D. DE COYLLURQUI,G,COYLLURQUI
M. D. DE OLMOS,G,OLMOS
M. D. DE OCONGATE,G,OCONGATE
M. D. DE COLQUEMARCA,G,COLQUEMARCA
M. D. DE CHALACO,G,CHALACO
M. D. DE OLLANTAYTAMBO,G,OLLANTAYTAMBO
M. D. DE YAMANGO,G,YAMANGO
M. D. DE VILLA KINTIARINA,G,VILLA KINTIARINA
M. D. DE CAJARURO,G,CAJARURO
M. D. DE PULAN,G,PULAN
M. D. SANTA MARIA DEL VALLE,G,SANTA MARIA DEL VALLE
M. D. DE UMARI,G,UMARI
M. D. DE PACAIPAMPA,G,PACAIPAMPA
M. D. DE PATAZ,G,PATAZ
M. D. DE HUALGAYOC,G,HUALGAYOC
M. D. DE QUIQUIJANA,G,QUIQUIJANA
M. D. DE VINCHOS,G,VINCHOS
M. D. DE MAQUIA,G,MAQUIA
M. D. DE ANDOAS,G,ANDOAS
M. D. DE HUANCARAY,G,HUANCARAY
M. D. DE PARINARI,G,PARINARI
M. D. DE HUARANGO,G,HUARANGO
M. D. DE CHAVIN,G,CHAVIN
M. D. DE LA YARADA-LOS PALOS,G,LA YARADA LOS PALOS
M. D. DE HUACAR,G,HUACAR
M. D. DE QUINJALCA,G,QUINJALCA
M. D. DE QUILLO,G,QUILLO
M. D. DE CASHAPAMPA,G,CASHAPAMPA
M. D. DE CAYARANI,G,CAYARANI
M. D. DE TIGRE,G,TIGRE
M. D. DE YANATILE,G,YANATILE
M. D. DE YAURISQUE,G,YAURISQUE
M. D. DE ENCAÑADA,G,ENCANADA
M. D. DE ANRA,G,ANRA
M. D. DE SANAGORAN,G,SANAGORAN
M. D. DE MARANURA,G,MARANURA
M. D. DE PAIMAS,G,PAIMAS
M. D. DE CHILLIA,G,CHILLIA
M. D. DE YAUYA,G,YAUYA
M. D. DE MARCAPATA,G,MARCAPATA
M. D. DE CANCHAQUE,G,CANCHAQUE
M. D. DE COLQUEPATA,G,COLQUEPATA
M. D. DE TABACONAS,G,TABACONAS
M. D. DE LLUSCO,G,LLUSCO
M. D. DE CAPACMARCA,G,CAPACMARCA
M. D. DE HUARMACA,G,HUARMACA
M. D. DE ACORIA,G,ACORIA
M. D. DE SARTIMBAMBA,G,SARTIMBAMBA
M. D. DE COLASAY,G,COLASAY
M. D. DE QUIÑOTA,G,QUINOTA
M. D. EL CARMEN DE FRONTERA,G,EL CARMEN DE FRONTERA
M. D. DE NAPO,G,NAPO
M. D. DE RIO SANTIAGO,G,RIO SANTIAGO
M. D. DE SURCUBAMBA,G,SURCUBAMBA
M. D. DE CHINCHAO,G,CHINCHAO
M. D. DE TROMPETEROS,G,TROMPETEROS
M. D. DE CHURUBAMBA,G,CHURUBAMBA
M. D. DE SAN JOSE DE LOURDES,G,SAN JOSE DE LOURDES
M. D. DE HUASMIN,G,HUASMIN
M. D. DE MARAS,G,MARAS
M. D. DE TAHUANIA,G,TAHUANIA
M. D. DE QUEROCOTILLO,G,QUEROCOTILLO
M. D. DE MANSERICHE,G,MANSERICHE
M. D. DE TAMBILLO,G,TAMBILLO
M. D. DE PACHAMARCA,G,PACHAMARCA
M. D. DE LLACANORA,G,LLACANORA
M. D. DE ALTO TRUJILLO,G,ALTO TRUJILLO
M. D. DE INCAHUASI,G,INCAHUASI
M. D. DE CUSIPATA,G,CUSIPATA
M. D. DE SAN FRANCISCO DE CAYRA N,G,SAN FRANCISCO DE CAYRA N
M. D. DE QUICHUAS,G,QUICHUAS
M. D. DE TORRES CAUSANA,G,TORRES CAUSANA
M. D. DE YURUA,G,YURUA
M. D. DE LAS PIRIAS,G,LAS PIRIAS
M. D. DE CHECCA,G,CHECCA
M. D. DE YAMON,G,YAMON
M. D. DE MACHE,G,MACHE
M. D. DE PAROBAMBA,G,PAROBAMBA
M. D. DE JESUS,G,JESUS
M. D. DE VIZCATÁN DEL ENE,G,VIZCAT N DEL ENE
M. D. DE SAN MIGUEL DE CAURI,G,SAN MIGUEL DE CAURI
M. D. DE YAUYUCAN,G,YAUYUCAN
M. D. DE LIMATAMBO,G,LIMATAMBO
M. D. DE CCAPI,G,CCAPI
M. D. DE PARARIN,G,PARARIN
M. D. DE YUYAPICHIS,G,YUYAPICHIS
M. D. DE MARCABAL,G,MARCABAL
M. D. DE RANRACANCHA,G,RANRACANCHA
M. D. DE CASCA,G,CASCA
M. D. DE KUNTURKANKI,G,KUNTURKANKI
M. D. DE ARAMANGO,G,ARAMANGO
M. D. DE ASILLO,G,ASILLO
M. D. DE GREGORIO PITA,G,GREGORIO PITA
M. D. DE CALAMARCA,G,CALAMARCA
M. D. DE SAN SALVADOR,G,SAN SALVADOR
M. D. DE QUEROCOTO,G,QUEROCOTO
M. D. DE CACERES DEL PERU,G,CACERES DEL PERU
M. D. DE ASUNCION,G,ASUNCION
M. D. DE OMIA,G,OMIA
M. D. DE SAN FELIPE,G,SAN FELIPE
M. D. DE ANDAYMARCA,G,ANDAYMARCA
M. D. DE ACORA,G,ACORA
M. D. DE CHUGAY,G,CHUGAY
M. D. DE HUANUHUANU,G,HUANUHUANU
M. D. DE BALSAPUERTO,G,BALSAPUERTO
M. D. DE PINRA,G,PINRA
M. D. DE CCARHUAYO,G,CCARHUAYO
M. D. DE KAÑARIS,G,KANARIS
M. D. DE SAN GABAN,G,SAN GABAN
M. D. NICOLAS VALCARCEL,G,NICOLAS VALCARCEL
M. D. DE SAPILLICA,G,SAPILLICA
M. D. DE CALLAYUC,G,CALLAYUC
M. D. DE PARAS,G,PARAS
M. D. DE CHIGUIRIP,G,CHIGUIRIP
M. D. DE COCHORCO,G,COCHORCO
M. D. DE CASITAS,G,CASITAS
M. D. DE SUYCKUTAMBO,G,SUYCKUTAMBO
M. D. DE PARIACOTO,G,PARIACOTO
M. D. DE OCORURO,G,OCORURO
M. D. DE MACATE,G,MACATE
M. D. DE HUANCANO,G,HUANCANO
M. D. DE CHALAMARCA,G,CHALAMARCA
M. D. DE LANCONES,G,LANCONES
M. D. DE ANGUIA,G,ANGUIA
M. D. DE ITUATA,G,ITUATA
M. D. DE CONDEBAMBA,G,CONDEBAMBA
M. D. DE SAN PABLO DE PILLAO,G,SAN PABLO DE PILLAO
M. D. DE MIRACOSTA,G,MIRACOSTA
M. D. DE IPARIA,G,IPARIA
M. D. DE SANTIAGO DE PUPUJA,G,SANTIAGO DE PUPUJA
M. D. DE AGALLPAMPA,G,AGALLPAMPA
M. D. DE RONDOS,G,RONDOS
M. D. DE ACOSTAMBO,G,ACOSTAMBO
M. D. DE KELLUYO,G,KELLUYO
M. D. DE VALERA,G,VALERA
M. D. DE ASQUIPATA,G,ASQUIPATA
M. D. DE SANTO DOMINGO,G,SANTO DOMINGO
M. D. DE ONGON,G,ONGON
M. D. DE CAMPANILLA,G,CAMPANILLA
M. D. DE YANAMA,G,YANAMA
M. D. DE YANAQUIHUA,G,YANAQUIHUA
M. D. DE ORURILLO,G,ORURILLO
M. D. DE PEVAS,G,PEVAS
M. D. DE QUEHUE,G,QUEHUE
M. D. DE COCABAMBA,G,COCABAMBA
M. D. DE LOCROJA,G,LOCROJA
M. D. DE TARACO,G,TARACO
M. D. DE HUAMBOS,G,HUAMBOS
M. D. DE POMATA,G,POMATA
M. D. DE VILCANCHOS,G,VILCANCHOS
M. D. DE SAMAN,G,SAMAN
M. D. DE CHUNGUI,G,CHUNGUI
M. D. DE SHILLA,G,SHILLA
M. D. DE CONCHAN,G,CONCHAN
M. D. DE AMBAR,G,AMBAR
M. D. DE CARACOTO,G,CARACOTO
M. D. DE CARABAMBA,G,CARABAMBA
M. D. SAN ANDRES DE CUTERVO,G,SAN ANDRES DE CUTERVO
M. D. DE TURPO,G,TURPO
M. D. DE MATACOTO,G,MATACOTO
M. D. STO.DOMINGO DE LA CAPILLA,G,STO DOMINGO DE LA CAPILLA
M. D. DE IGUAIN,G,IGUAIN
M. D. DE PINTO RECODO,G,PINTO RECODO
M. D. DE SALCAHUASI,G,SALCAHUASI
M. D. DE DANIEL ALOMIA ROBLES,G,DANIEL ALOMIA ROBLES
M. D. DE SAN MARTIN,G,SAN MARTIN
M. D. DE PATIBAMBA,G,PATIBAMBA
M. D. DE HERMILIO VALDIZAN,G,HERMILIO VALDIZAN
M. D. DE SIMBAL,G,SIMBAL
M. D. DE LANGUI,G,LANGUI
M. D. DE TUMBADEN,G,TUMBADEN
M. D. DE LAS AMAZONAS,G,LAS AMAZONAS
M. D. DE BOQUERON,G,BOQUERON
M. D. SAN MIGUEL DE EL FAIQUE,G,SAN MIGUEL DE EL FAIQUE
M. D. DE CORTEGANA,G,CORTEGANA
M. D. DE SUCRE,G,SUCRE
M. D. DE LLAPA,G,LLAPA
M. D. DE HUANCASPATA,G,HUANCASPATA
M. D. DE PUÑOS,G,PUNOS
M. D. DE CCORCCA,G,CCORCCA
M. D. DE PUSI,G,PUSI
M. D. DE HUARIBAMBA,G,HUARIBAMBA
M. D. DE QUISQUI,G,QUISQUI
M. D. DE JILILI,G,JILILI
M. D. DE ARAPA,G,ARAPA
M. D. DE QUIACA,G,QUIACA
M. D. DE SHUNTE,G,SHUNTE
M. D. DE PAJARILLO,G,PAJARILLO
M. D. DE PISUQUIA,G,PISUQUIA
M. D. DE OXAMARCA,G,OXAMARCA
M. D. STO. DOMINGO DE OLLEROS,G,STO DOMINGO DE OLLEROS
M. D. DE CABANILLA,G,CABANILLA
M. D. DE TAPAY,G,TAPAY
M. D. DE YURACMARCA,G,YURACMARCA
M. D. DE QUINUABAMBA,G,QUINUABAMBA
M. D. DE MARIATANA,G,MARIATANA
M. D. DE CHAMBARA,G,CHAMBARA
M. D. DE HUATA,G,HUATA
M. D. DE HUAMANQUIQUIA,F,HUAMANQUIQUIA
M. D. DE PAMPACOLCA,E,PAMPACOLCA
M. D. DE ONGOY,G,ONGOY
M. D. DE GUZMAN BARRON,G,GUZMAN BARRON
M. D. DE SORAS,E,SORAS
M. D. DE JAQUI,E,JAQUI
M. D. DE PAICO,E,PAICO
M. D. DE CHAVIÑA,F,CHAVINA
M. D. DE CONDORMARCA,G,CONDORMARCA
M. D. SANTIAGO DE LUCANAMARCA,F,SANTIAGO DE LUCANAMARCA
M. D. DE SAN PEDRO DE LARCAY,F,SAN PEDRO DE LARCAY
M. D. DE HUANCARQUI,E,HUANCARQUI
M. D. DE SAN ANTONIO DE CHUCA,F,SAN ANTONIO DE CHUCA
M. D. DE CHACHAS,F,CHACHAS
M. D. DE CURIBAYA,E,CURIBAYA
M. D. DE MORCOLLA,E,MORCOLLA
M. D. DE SANTO TOMAS DE PATA,G,SANTO TOMAS DE PATA
M. D. DE CAPASO,G,CAPASO
M. D. DE LLOQUE,E,LLOQUE
M. D. DE HUACHOS,G,HUACHOS
M. D. DE SAN JUAN LOPECANCHA,G,SAN JUAN LOPECANCHA
M. D. DE EL ORO,E,EL ORO
M. D. DE HUANCARAYLLA,E,HUANCARAYLLA
M. D. DE CHICCHE,F,CHICCHE
M. D. DE YANACA,F,YANACA
M. D. DE ANDARAY,G,ANDARAY
M. D. DE CALLALLI,F,CALLALLI
M. D. DE GRANADA,F,GRANADA
M. D. DE ROBLE,F,ROBLE
M. D. DE CHUMPI,E,CHUMPI
M. D. DE BOLOGNESI,G,BOLOGNESI
M. D. DE TUTI,E,TUTI
M. D. DE SAN SALVADOR DE QUIJE,G,SAN SALVADOR DE QUIJE
M. D. DE TARUCACHI,E,TARUCACHI
M. D. DE QUICACHA,F,QUICACHA
M. D. DE LARAMATE,F,LARAMATE
M. D. TORIBIO CASANOVA,G,TORIBIO CASANOVA
M. D. DE SAN MATEO OTAO,G,SAN MATEO OTAO
M. D. DE MOLLEBAMBA,F,MOLLEBAMBA
M. D. DE LA PRIMAVERA,E,LA PRIMAVERA
M. D. DE HUAROCHIRI,E,HUAROCHIRI
M. D. DE ALCA,E,ALCA
M. D. DE SACSAMARCA,F,SACSAMARCA
M. D. DE HUAYLLAPAMPA,F,HUAYLLAPAMPA
M. D. DE MUSGA,G,MUSGA
M. D. DE MADRIGAL,E,MADRIGAL
M. D. DE POCOHUANCA,F,POCOHUANCA
M. D. DE MARISCAL BENAVIDES,F,MARISCAL BENAVIDES
M. D. DE HUACASCHUQUE,F,HUACASCHUQUE
M. D. DE PARCO,E,PARCO
M. D. DE BAMBAS,E,BAMBAS
M. D. DE TRITA,F,TRITA
M. D. DE SALAMANCA,F,SALAMANCA
M. D. DE OLLARAYA,G,OLLARAYA
M. D. DE LLIPATA,E,LLIPATA
M. D. DE LEONCIO PRADO,F,LEONCIO PRADO
M. D. DE ZUÑIGA,F,ZUNIGA
M. D. DE HUAC - HUAS,G,HUAC HUAS
M. D. SAN JOSE DE USHUA,F,SAN JOSE DE USHUA
M. D. DE HUACAÑA,E,HUACANA
M. D. DE YARUMAYO,G,YARUMAYO
M. D. DE CARANIA,E,CARANIA
M. D. SAN ROQUE DE CUMBAZA,F,SAN ROQUE DE CUMBAZA
M. D. DE TAURIA,E,TAURIA
M. D. DE PUTINZA,E,PUTINZA
M. D. DE CATAHUASI,F,CATAHUASI
M. D. DE UPAHUACHO,G,UPAHUACHO
M. D. DE VILCA,G,VILCA
M. D. DE LARI,E,LARI
M. D. DE COALAQUE,F,COALAQUE
M. D. DE CHILCAYMARCA,F,CHILCAYMARCA
M. D. DE PACAPAUSA,F,PACAPAUSA
M. D. DE QUERCO,F,QUERCO
M. D. DE ARENAL,E,ARENAL
M. D. DE CURASCO,F,CURASCO
M. D. DE CHOCOS,G,CHOCOS
M. D. DE POLOBAYA,F,POLOBAYA
M. D. DE HUAQUIRCA,F,HUAQUIRCA
M. D. DE TAURIPAMPA,E,TAURIPAMPA
M. D. DE HUANDOVAL,F,HUANDOVAL
M. D. DE MANTA,G,MANTA
M. D. DE IRAY,F,IRAY
M. D. DE PICHIRHUA,G,PICHIRHUA
M. D. DE UTICYACU,G,UTICYACU
M. D. DE ICHUPAMPA,E,ICHUPAMPA
M. D. DE SHUPLUY,G,SHUPLUY
M. D. DE SILLAPATA,G,SILLAPATA
M. D. DE CUPISNIQUE,G,CUPISNIQUE
M. D. DE CHILCAS,G,CHILCAS
M. D. DE SAYLA,F,SAYLA
M. D. DE ANDAJES,E,ANDAJES
M. D. DE CAYARA,E,CAYARA
M. D. SANTA CRUZ DE ANDAMARCA,F,SANTA CRUZ DE ANDAMARCA
M. D. DE OMAS,F,OMAS
M. D. DE PACCHO,F,PACCHO
M. D. DE COCHAPETI,G,COCHAPETI
M. D. DE HUAMALI,E,HUAMALI
M. D. DE LA LIBERTAD,G,LA LIBERTAD
M. D. DE CARHUAPAMPA,E,CARHUAPAMPA
M. D. DE SAN JUAN DE IRIS,E,SAN JUAN DE IRIS
M. D. SAN JUAN DE SIGUAS,E,SAN JUAN DE SIGUAS
M. D. DE MARCAS,F,MARCAS
M. D. DE PAUCAR,E,PAUCAR
M. D. DE TOTORA,G,TOTORA
M. D. DE SONCHE,F,SONCHE
M. D. DE MADEAN,F,MADEAN
M. D. DE COROSHA,G,COROSHA
M. D. DE HUAYRAPATA,F,HUAYRAPATA
M. D. DE CUTURAPI,F,CUTURAPI
M. D. DE LANGA,F,LANGA
M. D. DE CHINCHIHUASI,G,CHINCHIHUASI
M. D. DE SAN JOSE - CUENCA,G,SAN JOSE CUENCA
M. D. DE SAN CARLOS,E,SAN CARLOS
M. D. DE INGUILPATA,F,INGUILPATA
M. D. DE SUCCHA,F,SUCCHA
M. D. DE SANTO TORIBIO,G,SANTO TORIBIO
M. D. DE LLAPO,E,LLAPO
M. D. DE SORAYA,G,SORAYA
M. D. DE QUILCA,G,QUILCA
M. D. DE LLUTA,F,LLUTA
M. D. DE PARARCA,F,PARARCA
M. D. DE CHILCAYOC,F,CHILCAYOC
M. D. DE ALCAMENCA,E,ALCAMENCA
M. D. DE SANTA CRUZ DE TOLEDO,G,SANTA CRUZ DE TOLEDO
M. D. DE SAUCEPAMPA,G,SAUCEPAMPA
M. D. DE PICHOS,F,PICHOS
M. D. DE JACAS CHICO,G,JACAS CHICO
M. D. DE ATAURA,E,ATAURA
M. D. SAN LORENZO DE QUINTI,E,SAN LORENZO DE QUINTI
M. D. DE SURCO,F,SURCO
M. D. DE AYAVIRI,E,AYAVIRI
M. D. DE TNT. MANUEL CLAVERO,G,TNT MANUEL CLAVERO
M. D. DE VILAVILA,F,VILAVILA
M. D. DE YORONGOS,E,YORONGOS
M. D. DE ESTIQUE PAMPA,E,ESTIQUE PAMPA
M. D. DE SITAJARA,E,SITAJARA
M. D. DE YAGUAS,G,YAGUAS
M. D. DE TARAY,F,TARAY
M. D. SANTIAGO DE TUCUMA,F,SANTIAGO DE TUCUMA
M. D. DE CHIRINOS,G,CHIRINOS
M. D. SAN SILVESTRE DE COCHAN,G,SAN SILVESTRE DE COCHAN
M. D. DE ROCCHACC,G,ROCCHACC
M. D. DE SARIN,G,SARIN
M. D. DE CHALCOS,F,CHALCOS
M. D. DE PILPICHACA,G,PILPICHACA
M. D. DE COMBAPATA,F,COMBAPATA
M. D. DE TUMAY HUARACA,G,TUMAY HUARACA
M. D. DE TAMBO DE MORA,E,TAMBO DE MORA
M. D. DE OLLACHEA,F,OLLACHEA
M. D. MARISCAL CACERES,E,MARISCAL CACERES
M. D. DE NAMORA,G,NAMORA
M. D. DE TARICA,G,TARICA
M. D. SAN JUAN DE YANAC,G,SAN JUAN DE YANAC
M. D. DE PIRA,G,PIRA
M. D. DE HUACULLANI,G,HUACULLANI
M. D. STA.ANA DE HUAYCAHUACHO,E,STA ANA DE HUAYCAHUACHO
M. D. DE PROVIDENCIA,G,PROVIDENCIA
M. D. DE MARIANO DAMASO,D,MARIANO DAMASO
M. D. DE CHACLACAYO,C,CHACLACAYO
M. D. DE BELLAVISTA LA UNION,E,BELLAVISTA LA UNION
M. D. DE SUPE PUERTO,D,SUPE PUERTO
M. D. DE CONGALLA,G,CONGALLA
M. D. DE HUARIACA,E,HUARIACA
M. D. DE JAMALCA,G,JAMALCA
M. D. DE RAGASH,G,RAGASH
M. D. DE SANCOS,F,SANCOS
M. D. HUAYLLAY GRANDE,E,HUAYLLAY GRANDE
M. D. DE TAPO,G,TAPO
M. D. DE ALTO INAMBARI,G,ALTO INAMBARI
M. D . DE CURIMANA,F,M D DE CURIMANA
M. D. DE LOMAS,E,LOMAS
M. D. DE HUACLLAN,F,HUACLLAN
M. D. DE MOLINOPAMPA,G,MOLINOPAMPA
M. D. DE PAPAYAL,F,PAPAYAL
M. D. DE HUAYNACOTAS,F,HUAYNACOTAS
M. D. DE SANTA ISABEL DE SIGUAS,G,SANTA ISABEL DE SIGUAS
M. D. DE PARAMONGA,D,PARAMONGA
M. D. DE AMOTAPE,E,AMOTAPE
M. D. DE KAQUIABAMBA,F,KAQUIABAMBA
M. D. DE YANAHUAYA,F,YANAHUAYA
M. D. DE PLATERIA,G,PLATERIA
M. D. JUAN ESPINOZA MEDRANO,E,JUAN ESPINOZA MEDRANO
